time,mean_v,std_v,wavelength
0.005,-0.4978549092243967,0.006042685938852876,559.814924297044
0.015,-0.49912872206243475,0.005043261590221051,559.8447728911319
0.025,-0.49948538965708544,0.004415884505198396,559.8746214852199
0.035,-0.49963824719765,0.004338903510260738,559.9044700793078
0.045,-0.49856824441369796,0.0053218164713263495,559.9343186733958
0.055,-0.4982115768190474,0.005930326395256214,559.9641672674837
0.065,-0.49841538687313347,0.005868092029426818,559.9940158615717
0.075,-0.5001987248463867,0.004641712429812381,560.0238644556597
0.085,-0.5001477723328652,0.0043630120637070105,560.0537130497476
0.095,-0.4987211019542626,0.005334367072097411,560.0835616438355
0.105,-0.4978549092243967,0.005352280446628859,560.1134102379235
0.115,-0.49841538687313347,0.006044204665034289,560.1432588320115
0.125,-0.5000458673058222,0.004676328402015922,560.1731074260995
0.135,-0.5000458673058222,0.00444636271085732,560.2029560201875
0.145,-0.4987211019542625,0.005284978294007171,560.2328046142753
0.155,-0.49770205168383214,0.005602904640780014,560.2626532083633
0.165,-0.4987211019542626,0.005574751520796738,560.2925018024513
0.175,-0.4999439622787791,0.004583438215688227,560.3223503965393
0.185,-0.5001987248463867,0.004641712429812336,560.3521989906272
0.195,-0.4991287220624347,0.005491336439624259,560.3820475847152
0.205,-0.4982115768190474,0.005123736019207846,560.4118961788031
0.215,-0.49897586452187015,0.006079893349271426,560.4417447728911
0.225,-0.5000968198193436,0.004721255224975543,560.471593366979
0.235,-0.5007082499816019,0.004932060389669537,560.501441961067
0.245,-0.49912872206243475,0.005394981270555657,560.531290555155
0.255,-0.49841538687313347,0.005593536011801874,560.5611391492429
0.265,-0.4982115768190473,0.005422133320476928,560.5909877433309
0.275,-0.49958729468412844,0.005467646662845817,560.6208363374188
0.285,-0.5008611075221665,0.004544365947262749,560.6506849315068
0.295,-0.5004025349004728,0.00447135816788319,560.6805335255948
0.305,-0.49882300698130566,0.005485602857857646,560.7103821196828
0.315,-0.4984663393866549,0.005552362396768058,560.7402307137706
0.325,-0.4993834846300424,0.005034153760200669,560.7700793078586
0.335,-0.5008611075221665,0.0048783317653824255,560.7999279019466
0.345,-0.5001477723328651,0.0045971491421370305,560.8297764960346
0.355,-0.49861919692721957,0.00537550298232147,560.8596250901226
0.365,-0.49846633938665497,0.005408816756906731,560.8894736842104
0.375,-0.5003006298734297,0.005303058503129533,560.9193222782984
0.385,-0.500708249981602,0.004427745618438483,560.9491708723864
0.395,-0.5004534874139943,0.0047959270788533875,560.9790194664744
0.405,-0.49958729468412844,0.00537086650795105,561.0088680605623
0.415,-0.49867014944074106,0.005231365341810493,561.0387166546503
0.425,-0.4993834846300424,0.005577808305292389,561.0685652487382
0.435,-0.5006572974680804,0.004676328402015934,561.0984138428262
0.445,-0.5004025349004728,0.004587155638191854,561.1282624369142
0.455,-0.49907776954891325,0.0052971211340317815,561.1581110310021
0.465,-0.4982115768190474,0.005373551270182205,561.1879596250901
0.475,-0.5009630125492095,0.004502625765992761,561.2178082191781
0.485,-0.49963824719765,0.00479811375494063,561.247656813266
0.495,-0.49912872206243475,0.005346152487340465,561.2775054073539
0.505,-0.49907776954891325,0.005539122201879517,561.3073540014419
0.515,-0.49989300976525763,0.00481584369193693,561.3372025955299
0.525,-0.5009120600356881,0.004224060871877023,561.3670511896179
0.535,-0.5006063449545589,0.00440518219767763,561.3968997837057
0.545,-0.49933253211652084,0.005340263030870966,561.4267483777937
0.555,-0.4992306270894778,0.005536991360407313,561.4565969718817
0.565,-0.5000968198193437,0.005146461195166736,561.4864455659697
0.575,-0.5011668226032957,0.005125782852813553,561.5162941600577
0.585,-0.5003006298734297,0.004783060167938364,561.5461427541456
0.595,-0.4993325321165208,0.005485602857857571,561.5759913482335
0.605,-0.49867014944074106,0.00547627298426991,561.6058399423215
0.615,-0.5003006298734298,0.004997556456621289,561.6356885364095
0.625,-0.500708249981602,0.004184139731725341,561.6655371304975
0.635,-0.49994396227877913,0.004640299814535799,561.6953857245854
0.645,-0.49887395949482716,0.0052433822765002025,561.7252343186733
0.655,-0.4987720544677841,0.005482972962461969,561.7550829127613
0.665,-0.4997911047382146,0.004832152047762367,561.7849315068493
0.675,-0.5003515823869512,0.00436781780611249,561.8147801009372
0.685,-0.49994396227877913,0.0046402998145358455,561.8446286950252
0.695,-0.5001987248463867,0.005471482262519814,561.8744772891132
0.705,-0.5016253952249893,0.004580290347781983,561.9043258832011
0.715,-0.5011158700897742,0.004128617926360198,561.934174477289
0.725,-0.49974015222469303,0.0051543531785839414,561.964023071377
0.735,-0.49882300698130566,0.00514008786616419,561.993871665465
0.745,-0.49953634217060694,0.005932094926241707,562.023720259553
0.755,-0.5006063449545589,0.004748946108899705,562.0535688536409
0.765,-0.5006572974680804,0.004326798859781091,562.0834174477288
0.775,-0.4998930097652575,0.005430107583295617,562.1132660418168
0.785,-0.4982115768190473,0.005612257630581811,562.1431146359048
0.795,-0.4994344371435639,0.005383302754966179,562.1729632299928
0.805,-0.5004534874139943,0.004455789222481473,562.2028118240808
0.815,-0.5006572974680804,0.004562794575696074,562.2326604181686
0.825,-0.49912872206243475,0.005394981270555656,562.2625090122566
0.835,-0.49887395949482716,0.0052433822765002025,562.2923576063446
0.845,-0.4991796745759563,0.005678451788363431,562.3222062004326
0.855,-0.5007592024951235,0.004751982255046887,562.3520547945205
0.865,-0.500810155008645,0.004677730137127888,562.3819033886085
0.875,-0.49923062708947774,0.00524513244587084,562.4117519826964
0.885,-0.49861919692721957,0.005277033193892896,562.4416005767844
0.895,-0.4994344371435639,0.00575984031771923,562.4714491708723
0.905,-0.500810155008645,0.004506409852703769,562.5012977649603
0.915,-0.49907776954891325,0.005247381805896771,562.5311463590483
0.925,-0.49882300698130566,0.0057196347062451825,562.5609949531362
0.935,-0.5004025349004728,0.004810395286875481,562.5908435472242
0.945,-0.5009630125492096,0.0042633006956563045,562.6206921413121
0.955,-0.49994396227877913,0.004525862280856767,562.6505407354001
0.965,-0.49907776954891325,0.0053952243041513,562.6803893294881
0.975,-0.49902681703539165,0.005394981270555654,562.7102379235761
0.985,-0.5000458673058222,0.004895503374577528,562.7400865176639
0.995,-0.5009630125492096,0.004444002958688508,562.7699351117519
1.005,-0.5007082499816019,0.004486580853316999,562.7997837058399
1.015,-0.49917967457595624,0.005442649378199901,562.8296322999279
1.025,-0.4987211019542626,0.005574751520796679,562.8594808940159
1.035,-0.5000458673058221,0.005404694090140146,562.8893294881037
1.045,-0.5009120600356881,0.004694518312172142,562.9191780821917
1.055,-0.5003006298734298,0.004672120673379445,562.9490266762797
1.065,-0.5000968198193437,0.005095251352152033,562.9788752703677
1.075,-0.49882300698130566,0.0055803935074181295,563.0087238644556
1.085,-0.49989300976525763,0.005183018995471321,563.0385724585436
1.095,-0.5005044399275158,0.004669875001212459,563.0684210526315
1.105,-0.5004025349004728,0.004471358167883189,563.0982696467195
1.115,-0.49897586452187015,0.005042481563676996,563.1281182408075
1.125,-0.49867014944074106,0.006066939936326201,563.1579668348954
1.135,-0.5006063449545589,0.004284469303336963,563.1878154289834
1.145,-0.49999491479230057,0.005114771491325099,563.2176640230714
1.155,-0.4987211019542625,0.005235123597048854,563.2475126171593
1.165,-0.4994853896570854,0.005664580458007679,563.2773612112472
1.175,-0.5001477723328652,0.0047652082546621325,563.3072098053352
1.185,-0.4995872946841285,0.005120920287163436,563.3370583994232
1.195,-0.49897586452187015,0.005394252104070579,563.3669069935112
1.205,-0.5004025349004728,0.005023724592669567,563.396755587599
1.215,-0.5010649175762526,0.004574274766381172,563.426604181687
1.225,-0.49989300976525763,0.004869992500704515,563.456452775775
1.235,-0.49902681703539176,0.005296873599223166,563.486301369863
1.245,-0.49882300698130555,0.005627190079372144,563.516149963951
1.255,-0.49994396227877913,0.004967820580423482,563.545998558039
1.265,-0.5013706326573817,0.004367817806112417,563.5758471521268
1.275,-0.5001477723328652,0.004481609895065866,563.6056957462148
1.285,-0.4987211019542626,0.005527511015536365,563.6355443403028
1.295,-0.4988739594948271,0.005439757684356421,563.6653929343908
1.305,-0.5005553924410374,0.005084689632691295,563.6952415284787
1.315,-0.5012687276303387,0.004300048687704966,563.7250901225666
1.325,-0.5005553924410374,0.004765208254662098,563.7549387166546
1.335,-0.4989758645218702,0.004829980781848255,563.7847873107426
1.345,-0.49907776954891325,0.005539122201879484,563.8146359048305
1.355,-0.5008611075221665,0.004824276559380643,563.8444844989185
1.365,-0.5013196801438601,0.0047389960304603795,563.8743330930065
1.375,-0.5000968198193437,0.0046088282584470595,563.9041816870944
1.385,-0.4989758645218702,0.00563208116250279,563.9340302811823
1.395,-0.49917967457595624,0.005678451788363368,563.9638788752703
1.405,-0.5001987248463867,0.004916083475676872,563.9937274693583
1.415,-0.5007592024951235,0.0044084551037503325,564.0235760634463
1.425,-0.5001477723328652,0.004422708532087795,564.0534246575343
1.435,-0.49861919692721957,0.005375502982321408,564.0832732516221
1.445,-0.49851729190017635,0.00541438948602203,564.1131218457101
1.455,-0.49994396227877913,0.005174663978103064,564.1429704397981
1.465,-0.500810155008645,0.004447836920211456,564.1728190338861
1.475,-0.5003515823869513,0.004714307089900935,564.202667627974
1.485,-0.49877205446778405,0.005671057967794722,564.2325162220619
1.495,-0.49902681703539176,0.005770756869219465,564.2623648161499
1.505,-0.4999949147923007,0.0052663380905255625,564.2922134102379
1.515,-0.5010649175762525,0.004631248873695001,564.3220620043259
1.525,-0.5001987248463867,0.004697868747934964,564.3519105984138
1.535,-0.4987211019542625,0.005527511015536307,564.3817591925018
1.545,-0.4990777695489132,0.005905733375403138,564.4116077865897
1.555,-0.49928157960299935,0.005293159187976996,564.4414563806777
1.565,-0.49958729468412844,0.005748218765863681,564.4713049747656
1.575,-0.5006063449545589,0.004580290347782023,564.5011535688536
1.585,-0.4987720544677841,0.005188076093947715,564.5310021629416
1.595,-0.49831348184609026,0.00567360068044396,564.5608507570295
1.605,-0.49933253211652084,0.005437587904796256,564.5906993511175
1.615,-0.5004025349004728,0.004412319953691757,564.6205479452054
1.625,-0.4999949147923007,0.004277118192454714,564.6503965392934
1.635,-0.4989758645218702,0.005442649378199898,564.6802451333814
1.645,-0.49826252933256887,0.005712523725697964,564.7100937274694
1.655,-0.49907776954891325,0.005905733375403216,564.7399423215572
1.665,-0.5007592024951235,0.0049147497217589,564.7697909156452
1.675,-0.5006063449545589,0.004522674339175361,564.7996395097332
1.685,-0.49933253211652084,0.004984683921437636,564.8294881038212
1.695,-0.4985682444136978,0.005656241331195797,564.8593366979092
1.705,-0.49907776954891325,0.005443612934793836,564.8891852919971
1.715,-0.5006063449545589,0.004911814188309968,564.919033886085
1.725,-0.5002496773599083,0.005113489561559495,564.948882480173
1.735,-0.49953634217060694,0.005326495641713893,564.978731074261
1.745,-0.49836443435961186,0.004992306369599386,565.008579668349
1.755,-0.49963824719765,0.005462608351153867,565.0384282624369
1.765,-0.5002496773599082,0.00451425897428711,565.0682768565248
1.775,-0.5006572974680804,0.0042657604106716394,565.0981254506128
1.785,-0.4998930097652575,0.005028941879975038,565.1279740447007
1.795,-0.49856824441369796,0.0058387474653154,565.1578226387887
1.805,-0.4988739594948271,0.005487753653022741,565.1876712328767
1.815,-0.5004025349004728,0.005023724592669485,565.2175198269647
1.825,-0.5012177751168172,0.004386091394097498,565.2473684210526
1.835,-0.49974015222469303,0.004384596424425276,565.2772170151405
1.845,-0.49912872206243475,0.005394981270555657,565.3070656092285
1.855,-0.49846633938665497,0.00587367547854755,565.3369142033165
1.865,-0.49963824719765,0.005651371157966405,565.3667627974045
1.875,-0.5003515823869513,0.004601710372719221,565.3966113914923
1.885,-0.5006063449545589,0.004345244953162803,565.4264599855803
1.895,-0.4997911047382146,0.005298111157614629,565.4563085796683
1.905,-0.4982115768190474,0.005373551270182205,565.4861571737563
1.915,-0.4994853896570854,0.0059358513050564565,565.5160057678443
1.925,-0.499842057251736,0.004824276559380682,565.5458543619322
1.935,-0.5004025349004728,0.004352481003059834,565.5757029560201
1.945,-0.49917967457595624,0.005345416660141669,565.6055515501081
1.955,-0.4982115768190472,0.005565335499345468,565.6354001441961
1.965,-0.49974015222469303,0.005204981573581992,565.665248738284
1.975,-0.5012177751168172,0.0045040815601935635,565.695097332372
1.985,-0.5006572974680804,0.004386988131366718,565.72494592646
1.995,-0.499740152224693,0.0047298567373208825,565.7547945205479
2.005,-0.49897586452187015,0.005442649378199898,565.7846431146359
2.015,-0.49861919692721945,0.00527703319389285,565.8144917087238
2.025,-0.4987211019542626,0.00566805147313645,565.8443403028118
2.035,-0.5000458673058222,0.004841639887346996,565.8741888968998
2.045,-0.5005044399275158,0.004498255556513103,565.9040374909877
2.055,-0.49963824719764993,0.00495936740730094,565.9338860850756
2.065,-0.4987720544677841,0.005434934775628827,565.9637346791636
2.075,-0.4983644343596119,0.005492530182478709,565.9935832732516
2.085,-0.4992306270894778,0.0052948929041556105,566.0234318673396
2.095,-0.5005553924410374,0.0044227085320878035,566.0532804614276
2.105,-0.5005553924410374,0.004302487394089944,566.0831290555154
2.115,-0.49861919692721957,0.0056606440678994095,566.1129776496034
2.125,-0.498568244413698,0.00560968711293053,566.1428262436914
2.135,-0.49974015222469303,0.004999392684549725,566.1726748377794
2.145,-0.5009630125492095,0.004999392684549667,566.2025234318673
2.155,-0.5001477723328652,0.004653843221123861,566.2323720259552
2.165,-0.4989249120083486,0.005677297138645639,566.2622206200432
2.175,-0.4991287220624347,0.0056327795419662645,566.2920692141312
2.185,-0.5001987248463867,0.00496914008975119,566.3219178082192
2.195,-0.5007592024951234,0.004861099498650453,566.3517664023071
2.205,-0.49963824719765,0.004798113754940584,566.3816149963951
2.215,-0.49933253211652084,0.00524113119997843,566.411463590483
2.225,-0.4986191969272194,0.005277033193892834,566.441312184571
2.235,-0.4989758645218702,0.005538175262441554,566.4711607786589
2.245,-0.5003006298734297,0.004615651101943247,566.5010093727469
2.255,-0.49887395949482716,0.005142383174561875,566.5308579668349
2.265,-0.49861919692721957,0.005519915016392561,566.5607065609229
2.275,-0.49994396227877913,0.005324525965898459,566.5905551550107
2.285,-0.5008611075221665,0.004183826348229994,566.6204037490987
2.295,-0.49933253211652084,0.0048242765593807194,566.6502523431867
2.305,-0.4987720544677841,0.005577808305292379,566.6801009372747
2.315,-0.4989249120083487,0.005489425911101845,566.7099495313627
2.325,-0.4992815796029993,0.005293159187977039,566.7397981254505
2.335,-0.5001987248463867,0.004527310603169986,566.7696467195385
2.345,-0.5004025349004728,0.0046439717204936086,566.7994953136265
2.355,-0.4987720544677841,0.0055305939101365,566.8293439077145
2.365,-0.4985172919001765,0.005967355478546771,566.8591925018025
2.375,-0.49968919971117154,0.005457084862959725,566.8890410958904
2.385,-0.500708249981602,0.0044865808533170425,566.9188896899783
2.395,-0.5008611075221665,0.004367817806112361,566.9487382840663
2.405,-0.49974015222469303,0.004999392684549683,566.9785868781543
2.415,-0.4987720544677841,0.005085978821533985,567.0084354722422
2.425,-0.5002496773599083,0.00495725186176067,567.0382840663302
2.435,-0.5009630125492096,0.004674084751459987,567.0681326604181
2.445,-0.500708249981602,0.0044865808533170425,567.0979812545061
2.455,-0.5006572974680804,0.004326798859781116,567.127829848594
2.465,-0.49917967457595624,0.005538175262441515,567.157678442682
2.475,-0.49841538687313347,0.005402752923124113,567.18752703677
2.485,-0.5000458673058222,0.005156387858690209,567.217375630858
2.495,-0.500810155008645,0.004564231178664717,567.2472242249459
2.505,-0.49948538965708544,0.004647358597122646,567.2770728190338
2.515,-0.4987720544677841,0.005482972962461995,567.3069214131218
2.525,-0.49882300698130566,0.005485602857857621,567.3367700072098
2.535,-0.4992306270894778,0.005991914405490296,567.3666186012978
2.545,-0.5003006298734298,0.004500586862995864,567.3964671953856
2.555,-0.5003515823869513,0.004367817806112421,567.4263157894736
2.565,-0.49668300141340177,0.005859147443739053,567.4561643835616
2.575,-0.493982518196761,0.005539122201879509,567.4860129776496
2.585,-0.492810610385766,0.005965597400736335,567.5158615717376
2.595,-0.4920463226829431,0.005984250567670581,567.5457101658255
2.605,-0.49061965230434057,0.005915494191488634,567.5755587599134
2.615,-0.4901610796826468,0.0066127322265178605,567.6054073540014
2.625,-0.4893458394663025,0.00679733451734462,567.6352559480894
2.635,-0.4903139372232114,0.006660346963348454,567.6651045421773
2.645,-0.4915367975477279,0.00635406958845172,567.6949531362653
2.655,-0.49107822492603426,0.006070180880984549,567.7248017303533
2.665,-0.4896006020339101,0.007003502088842991,567.7546503244412
2.675,-0.4890910768986948,0.007037120885063884,567.7844989185292
2.685,-0.4901101271691253,0.007044569940695483,567.8143475126171
2.695,-0.49148584503420634,0.006617489303250555,567.8441961067051
2.705,-0.49067060481786207,0.006329051434249705,567.8740447007931
2.715,-0.4895496495203885,0.006381866652227999,567.903893294881
2.725,-0.4891929819257379,0.007180983823183675,567.9337418889689
2.735,-0.48924393443925945,0.006240593072366616,567.9635904830569
2.745,-0.4879701216012214,0.006903942610581842,567.9934390771449
2.755,-0.4805310546270797,0.009045928489810909,568.0232876712329
2.765,-0.4746715155721052,0.011272889228963107,568.0531362653209
2.775,-0.47003483684164693,0.012873793978190063,568.0829848594087
2.785,-0.4697291217605178,0.012110083262431896,568.1128334534967
2.795,-0.4717162697878572,0.012325471115447885,568.1426820475847
2.805,-0.47161436476081414,0.011607557380776588,568.1725306416727
2.815,-0.469066739084738,0.012373037846836955,568.2023792357606
2.825,-0.46855721394952277,0.012470150657522357,568.2322278298485
2.835,-0.47074817203094826,0.012788364229148665,568.2620764239365
2.845,-0.4721238898960294,0.011434568947307256,568.2919250180245
2.855,-0.47395818038280396,0.01089336626763322,568.3217736121125
2.865,-0.476811521140009,0.010155832042970131,568.3516222062004
2.875,-0.4796648618972139,0.00935027319345272,568.3814708002884
2.885,-0.48073486468116583,0.00894330280108049,568.4113193943763
2.895,-0.4817539149515961,0.00897257719295659,568.4411679884643
2.905,-0.47884962168086986,0.009371563953040634,568.4710165825522
2.915,-0.47910438424847734,0.009639851908001217,568.5008651766402
2.925,-0.4806329596541228,0.00919715002538157,568.5307137707282
2.935,-0.48160105741103154,0.009167877627091973,568.5605623648162
2.945,-0.4806839121676443,0.008896116018946541,568.590410958904
2.955,-0.4795629568701709,0.009416229251283586,568.620259552992
2.965,-0.4787477166538268,0.01030552605143652,568.65010814708
2.975,-0.48032724457299364,0.009397411967174727,568.679956741168
2.985,-0.4809896272487733,0.009171309468355222,568.709805335256
2.995,-0.4805820071406011,0.008918491035836,568.7396539293438
3.005,-0.4792062892755204,0.009442510449950883,568.7695025234318
3.015,-0.47941009932960654,0.009456940909889527,568.7993511175198
3.025,-0.4804801021135582,0.009590623793090183,568.8291997116078
3.035,-0.4821105825462466,0.008752280502959746,568.8590483056958
3.045,-0.4850658283304947,0.007711194606033137,568.8888968997837
3.055,-0.4899572696285607,0.006200121326457306,568.9187454938716
3.065,-0.49484871092662686,0.006061534511121835,568.9485940879596
3.075,-0.49907776954891325,0.005043521572260503,568.9784426820476
3.085,-0.5003006298734297,0.004727915828181495,569.0082912761355
3.095,-0.49989300976525763,0.004761079076576953,569.0381398702235
3.105,-0.49867014944074106,0.005476272984269893,569.0679884643114
3.115,-0.4982115768190474,0.005796148866188954,569.0978370583994
3.125,-0.4987211019542626,0.005668051473136507,569.1276856524873
3.135,-0.5004025349004728,0.004700101044923896,569.1575342465753
3.145,-0.5005553924410374,0.004051356786226647,569.1873828406633
3.155,-0.4993834846300424,0.0051880760939477235,569.2172314347513
3.165,-0.4985172919001764,0.005510405292702658,569.2470800288392
3.175,-0.4992306270894778,0.0058591474437390215,569.2769286229271
3.185,-0.5000458673058222,0.004895503374577441,569.3067772170151
3.195,-0.5005044399275159,0.004669875001212479,569.3366258111031
3.205,-0.49963824719765,0.0050119658391043495,569.3664744051911
3.215,-0.49882300698130566,0.005810608759534827,569.3963229992789
3.225,-0.498568244413698,0.005321816471326395,569.4261715933669
3.235,-0.5000968198193437,0.00499125568951421,569.4560201874549
3.245,-0.5009630125492096,0.004617639198993516,569.4858687815429
3.255,-0.49968919971117143,0.0051607088903604876,569.5157173756309
3.265,-0.4983644343596119,0.005147480195512378,569.5455659697188
3.275,-0.4989249120083487,0.005677297138645624,569.5754145638067
3.285,-0.5000458673058222,0.0048955033745775095,569.6052631578947
3.295,-0.5002496773599083,0.00451425897428711,569.6351117519827
3.305,-0.49994396227877913,0.004467544391892747,569.6649603460706
3.315,-0.49882300698130566,0.005290929289561233,569.6948089401586
3.325,-0.49846633938665497,0.005783693512262894,569.7246575342466
3.335,-0.49887395949482716,0.005902179985565625,569.7545061283345
3.345,-0.49989300976525763,0.004761079076577017,569.7843547224224
3.355,-0.5007592024951234,0.004640299814535794,569.8142033165104
3.365,-0.4997911047382145,0.004886120127917784,569.8440519105984
3.375,-0.49836443435961186,0.005396196329076632,569.8739005046864
3.385,-0.4987211019542626,0.0052351235970488534,569.9037490987743
3.395,-0.49999491479230057,0.005063241147399742,569.9335976928622
3.405,-0.500810155008645,0.004447836920211432,569.9634462869502
3.415,-0.49999491479230057,0.005011180941152712,569.9932948810382
3.425,-0.4985172919001765,0.005115540494986684,570.0231434751262
3.435,-0.498568244413698,0.005370866507951034,570.0529920692142
3.445,-0.5004025349004728,0.004971250576187293,570.082840663302
3.455,-0.5012177751168171,0.004947985714901818,570.11268925739
3.465,-0.49953634217060694,0.004642559792663042,570.142537851478
3.475,-0.49846633938665497,0.005109641842565603,570.172386445566
3.485,-0.49902681703539176,0.005586029795538629,570.2022350396539
3.495,-0.5004534874139943,0.005061946167673816,570.2320836337419
3.505,-0.5009120600356881,0.004523833850626095,570.2619322278298
3.515,-0.49938348463004234,0.005137281096537519,570.2917808219178
3.525,-0.4981096717920043,0.005688372100917276,570.3216294160057
3.535,-0.49902681703539176,0.0056327795419664,570.3514780100937
3.545,-0.5003006298734298,0.004382502610138572,570.3813266041817
3.555,-0.5004534874139943,0.004396541948330797,570.4111751982696
3.565,-0.5002496773599082,0.004455789222481444,570.4410237923576
3.575,-0.49877205446778405,0.0054349347756288005,570.4708723864455
3.585,-0.49836443435961186,0.0058171490652798846,570.5007209805335
3.595,-0.49933253211652084,0.005241131199978455,570.5305695746215
3.605,-0.5003006298734298,0.004891484187198966,570.5604181687095
3.615,-0.49994396227877913,0.0049147497217588865,570.5902667627973
3.625,-0.49928157960299935,0.005535333472159938,570.6201153568853
3.635,-0.49856824441369796,0.005419472625447916,570.6499639509733
3.645,-0.4993834846300424,0.0053864681864456065,570.6798125450613
3.655,-0.5007592024951235,0.004583438215688224,570.7096611391493
3.665,-0.5001987248463867,0.004527310603169985,570.7395097332371
3.675,-0.49867014944074106,0.005130129662688586,570.7693583273251
3.685,-0.49861919692721957,0.005519915016392501,570.7992069214131
3.695,-0.4998930097652575,0.005183018995471322,570.8290555155011
3.705,-0.5004534874139943,0.004571981034374644,570.858904109589
3.715,-0.5002496773599083,0.004275585120183362,570.888752703677
3.725,-0.49882300698130566,0.005810608759534906,570.9186012977649
3.735,-0.4984663393866549,0.005408816756906686,570.9484498918529
3.745,-0.49974015222469303,0.005255122231982579,570.9782984859409
3.755,-0.5006572974680804,0.004446362710857264,571.0081470800288
3.765,-0.5000968198193437,0.004493589315053274,571.0379956741168
3.775,-0.5000458673058221,0.005001490405269063,571.0678442682047
3.785,-0.4991796745759563,0.005724446803361638,571.0976928622927
3.795,-0.49846633938665497,0.005646032338602315,571.1275414563806
3.805,-0.4994853896570854,0.005231365341810509,571.1573900504686
3.815,-0.5005553924410373,0.004241099065637725,571.1872386445566
3.825,-0.5007592024951235,0.004467544391892716,571.2170872386446
3.835,-0.4997911047382146,0.005492530182478689,571.2469358327324
3.845,-0.4981606243055258,0.005742741662413295,571.2767844268204
3.855,-0.49968919971117154,0.0055523623967680775,571.3066330209084
3.865,-0.5005044399275159,0.0043198233269951805,571.3364816149964
3.875,-0.5005553924410374,0.004363012063706971,571.3663302090844
3.885,-0.49867014944074106,0.005281255516564805,571.3961788031723
3.895,-0.4989249120083487,0.0056309170042475815,571.4260273972602
3.905,-0.49938348463004234,0.005482972962462021,571.4558759913482
3.915,-0.5001987248463867,0.004969140089751195,571.4857245854362
3.925,-0.5005553924410374,0.004481609895065872,571.5155731795242
3.935,-0.4997911047382145,0.004832152047762259,571.5454217736121
3.945,-0.49836443435961186,0.005862055931107801,571.5752703677
3.955,-0.49841538687313347,0.0056865277717447465,571.605118961788
3.965,-0.5001477723328652,0.004302487394090004,571.634967555876
3.975,-0.5006063449545589,0.004405182197677651,571.6648161499639
3.985,-0.49953634217060694,0.005074364330874246,571.6946647440519
3.995,-0.4991796745759563,0.005585325570570555,571.7245133381399
4.005,-0.49841538687313347,0.005304788984005607,571.7543619322278
4.015,-0.49846633938665497,0.005310964670028975,571.7842105263157
4.025,-0.49968919971117154,0.005058059239228745,571.8140591204037
4.035,-0.5009120600356881,0.004581435277270653,571.8439077144917
4.045,-0.5004534874139943,0.004628983373315407,571.8737563085797
4.055,-0.4993834846300424,0.005530593910136478,571.9036049026676
4.065,-0.49892491200834854,0.005294892904155535,571.9334534967555
4.075,-0.49958729468412844,0.005748218765863665,571.9633020908435
4.085,-0.5009120600356881,0.004638321430385103,571.9931506849315
4.095,-0.5006063449545589,0.004580290347782026,572.0229992790195
4.105,-0.4993834846300424,0.005288202581226517,572.0528478731075
4.115,-0.4988230069813055,0.005290929289561172,572.0826964671953
4.125,-0.4992306270894778,0.0057233014329339665,572.1125450612833
4.135,-0.5005553924410374,0.004539747101249323,572.1423936553713
4.145,-0.500708249981602,0.004184139731725345,572.1722422494593
4.155,-0.49958729468412844,0.005120920287163418,572.2020908435472
4.165,-0.49836443435961186,0.005492530182478639,572.2319394376352
4.175,-0.49912872206243475,0.005394981270555655,572.2617880317231
4.185,-0.5006063449545589,0.00440518219767765,572.2916366258111
4.195,-0.5003515823869513,0.004486288596478397,572.321485219899
4.205,-0.4989758645218702,0.005678451788363419,572.351333813987
4.215,-0.4982115768190474,0.005612257630581925,572.381182408075
4.225,-0.4985172919001765,0.005834029647858571,572.4110310021629
4.235,-0.49912872206243475,0.00558602979553859,572.4408795962509
4.245,-0.5003515823869513,0.004601710372719177,572.4707281903388
4.255,-0.5006572974680804,0.004446362710857285,572.5005767844268
4.265,-0.49887395949482716,0.005243382276500203,572.5304253785148
4.275,-0.4986191969272194,0.005614126358721691,572.5602739726028
4.285,-0.4995872946841285,0.005467646662845904,572.5901225666906
4.295,-0.5008611075221665,0.004544365947262816,572.6199711607786
4.305,-0.5003006298734298,0.004322250876120158,572.6498197548666
4.315,-0.4989758645218702,0.005490620069333672,572.6796683489546
4.325,-0.49856824441369796,0.005222334494359834,572.7095169430426
4.335,-0.4993834846300424,0.005530593910136471,572.7393655371304
4.345,-0.5006572974680804,0.004265760410671614,572.7692141312184
4.355,-0.5005044399275159,0.004725696670195745,572.7990627253064
4.365,-0.4987211019542626,0.005621595059267008,572.8289113193944
4.375,-0.4982115768190474,0.005324525965898477,572.8587599134823
4.385,-0.49953634217060694,0.005375502982321384,572.8886085075703
4.395,-0.5006572974680804,0.004676328402015958,572.9184571016582
4.405,-0.4999949147923007,0.004515711018126094,572.9483056957462
4.415,-0.49887395949482716,0.005535333472159956,572.9781542898342
4.425,-0.49790586173791807,0.006265755165175161,573.0080028839221
4.435,-0.4992815796029993,0.005342472337880211,573.0378514780101
4.445,-0.49968919971117154,0.00510964184256562,573.0677000720981
4.455,-0.5001987248463867,0.004641712429812425,573.097548666186
4.465,-0.5001987248463867,0.0047533616803872554,573.1273972602739
4.475,-0.5003006298734298,0.00400742687735832,573.1572458543619
4.485,-0.4992306270894778,0.005393036607513096,573.1870944484499
4.495,-0.4983134818460904,0.005340263030870907,573.2169430425379
4.505,-0.49958729468412844,0.00541947262544792,573.2467916366257
4.515,-0.5001987248463867,0.004969140089751214,573.2766402307137
4.525,-0.49846633938665497,0.00564603233860233,573.3064888248017
4.535,-0.49846633938665474,0.005599393241842676,573.3363374188897
4.545,-0.4991287220624347,0.005860937452928719,573.3661860129777
4.555,-0.5002496773599083,0.004571981034374665,573.3960346070656
4.565,-0.5003515823869513,0.004544365947262738,573.4258832011535
4.575,-0.49887395949482716,0.005243382276500185,573.4557317952415
4.585,-0.49872110195426245,0.006070180880984509,573.4855803893295
4.595,-0.49928157960299935,0.005487753653022747,573.5154289834175
4.605,-0.5005044399275159,0.004319823326995206,573.5452775775054
4.615,-0.4997911047382146,0.004436029527679677,573.5751261715933
4.625,-0.49826252933256887,0.005332646189525964,573.6049747656813
4.635,-0.4980077667649613,0.005385250932992525,573.6348233597693
4.645,-0.4995872946841285,0.005321816471326367,573.6646719538572
4.655,-0.5007592024951235,0.004806850511928783,573.6945205479452
4.665,-0.49989300976525763,0.004761079076576927,573.7243691420332
4.675,-0.49907776954891325,0.005247381805896754,573.7542177361211
4.685,-0.49887395949482716,0.005721697529144052,573.784066330209
4.695,-0.49984205725173614,0.004427449477875829,573.813914924297
4.705,-0.5004025349004728,0.0043524810030598346,573.843763518385
4.715,-0.49974015222469303,0.005103222530698429,573.873612112473
4.725,-0.49841538687313336,0.005868092029426802,573.903460706561
4.735,-0.49938348463004234,0.00598600316708365,573.9333093006488
4.745,-0.5001477723328652,0.004819925954000727,573.9631578947368
4.755,-0.5005553924410374,0.004481609895065873,573.9930064888248
4.765,-0.49963824719765,0.005166549239830939,574.0228550829128
4.775,-0.4981096717920043,0.005257117911246428,574.0527036770007
4.785,-0.49861919692721957,0.005752551107721194,574.0825522710886
4.795,-0.5001987248463867,0.004641712429812425,574.1124008651766
4.805,-0.5007082499816019,0.004544654469274887,574.1422494592646
4.815,-0.4989249120083486,0.005536991360407326,574.1720980533526
4.825,-0.49816062430552577,0.0053650041814727965,574.2019466474405
4.835,-0.49902681703539165,0.005196914175031905,574.2317952415285
4.845,-0.5004025349004728,0.004529626955638335,574.2616438356164
4.855,-0.5005044399275158,0.004258684900846955,574.2914924297044
4.865,-0.4989249120083487,0.005344190056334736,574.3213410237923
4.875,-0.4983134818460904,0.005241131199978412,574.3511896178803
4.885,-0.4984663393866549,0.005552362396768014,574.3810382119683
4.895,-0.49795681425143973,0.005842339435796877,574.4108868060562
4.905,-0.4988739594948271,0.006205406032183402,574.4407354001441
4.915,-0.5005553924410374,0.00470985490419294,574.4705839942321
4.925,-0.5005044399275159,0.004380108453931387,574.5004325883201
4.935,-0.4992306270894778,0.00534419005633474,574.5302811824081
4.945,-0.4984153868731333,0.005956799228555681,574.5601297764961
4.955,-0.4994344371435639,0.005383302754966196,574.5899783705839
4.965,-0.5005553924410374,0.004597149142137039,574.6198269646719
4.975,-0.5003006298734298,0.004199154635473968,574.6496755587599
4.985,-0.4988739594948271,0.005582507782328996,574.6795241528479
4.995,-0.4978549092243966,0.005449390696478322,574.7093727469359
5.005,-0.49912872206243475,0.005346152487340465,574.7392213410237
5.015,-0.5003515823869513,0.004601710372719177,574.7690699351117
5.025,-0.5000968198193437,0.004375316211299657,574.7989185291997
5.035,-0.49861919692721957,0.005472201138156977,574.8287671232877
5.045,-0.4979568142514397,0.005423342295791377,574.8586157173756
5.055,-0.4989249120083487,0.005344190056334711,574.8884643114636
5.065,-0.5006572974680804,0.0047871703862511425,574.9183129055515
5.075,-0.5001987248463867,0.004409941985341304,574.9481614996395
5.085,-0.49907776954891325,0.005247381805896771,574.9780100937274
5.095,-0.4984663393866549,0.005738173415995855,575.0078586878154
5.105,-0.49867014944074106,0.005428175504393281,575.0377072819034
5.115,-0.49948538965708544,0.0057564246497928346,575.0675558759914
5.125,-0.4997911047382146,0.004316179443320958,575.0974044700793
5.135,-0.4983134818460904,0.005580393507418223,575.1272530641672
5.145,-0.498568244413698,0.005609687112930504,575.1571016582552
5.155,-0.49963824719764993,0.005651371157966344,575.1869502523432
5.165,-0.5003515823869513,0.004367817806112395,575.2167988464312
5.175,-0.4997911047382145,0.00504456136643137,575.246647440519
5.185,-0.4981096717920043,0.005734287545130974,575.276496034607
5.195,-0.49841538687313347,0.00564022354229636,575.306344628695
5.205,-0.49933253211652084,0.004931794531901061,575.336193222783
5.215,-0.5001477723328652,0.004363012063706963,575.366041816871
5.225,-0.49989300976525763,0.004174099789885548,575.3958904109589
5.235,-0.4983644343596119,0.005587203306569305,575.4257390050468
5.245,-0.498670149440741,0.005710687196563322,575.4555875991348
5.255,-0.49963824719764993,0.005011965839104243,575.4854361932228
5.265,-0.5004025349004728,0.004471358167883189,575.5152847873107
5.275,-0.49968919971117154,0.0046247325688681465,575.5451333813987
5.285,-0.4989758645218702,0.005345416660141692,575.5749819754867
5.295,-0.4982115768190474,0.005275045049075639,575.6048305695746
5.305,-0.4989758645218702,0.005860266263555477,575.6346791636626
5.315,-0.5004534874139943,0.004275585120183364,575.6645277577505
5.325,-0.49953634217060694,0.004585726216936816,575.6943763518385
5.335,-0.49882300698130566,0.0052909292895612775,575.7242249459265
5.345,-0.5001987248463867,0.004808214196177602,575.7540735400144
5.355,-0.5000968198193437,0.004493589315053274,575.7839221341023
5.365,-0.4990777695489132,0.0055862645174663324,575.8137707281903
5.375,-0.4980077667649613,0.005385250932992461,575.8436193222783
5.385,-0.49902681703539176,0.005770756869219503,575.8734679163663
5.395,-0.5001477723328652,0.004481609895065819,575.9033165104543
5.405,-0.4999949147923007,0.0043379968330989295,575.9331651045421
5.415,-0.49887395949482716,0.005142383174561875,575.9630136986301
5.425,-0.49795681425143973,0.005325757098649994,575.9928622927181
5.435,-0.49887395949482716,0.005439757684356465,576.0227108868061
5.445,-0.4999949147923007,0.004851649714243965,576.052559480894
5.455,-0.500045867305822,0.004265760410671629,576.0824080749819
5.465,-0.49943443714356384,0.004817749178027005,576.1122566690699
5.475,-0.4982115768190474,0.0056587907015345825,576.1421052631579
5.485,-0.4985172919001764,0.005967355478546717,576.1719538572459
5.495,-0.4997911047382146,0.004939498597650657,576.2018024513338
5.505,-0.5005044399275158,0.004613377941942301,576.2316510454218
5.515,-0.4998420572517361,0.0044274494778757814,576.2614996395097
5.525,-0.49846633938665497,0.005504929762793912,576.2913482335977
5.535,-0.4983134818460904,0.005580393507418223,576.3211968276856
5.545,-0.4992815796029993,0.005193128267794505,576.3510454217736
5.555,-0.4993325321165208,0.005673600680443992,576.3808940158616
5.565,-0.4995872946841285,0.005017456686806866,576.4107426099495
5.575,-0.5005553924410374,0.0041788090160719115,576.4405912040374
5.585,-0.4994853896570854,0.005330678786326893,576.4704397981254
5.595,-0.49795681425143973,0.005423342295791377,576.5002883922134
5.605,-0.49841538687313347,0.0058680920294269,576.5301369863014
5.615,-0.49989300976525763,0.004705677154424174,576.5599855803894
5.625,-0.5001477723328652,0.004481609895065866,576.5898341744772
5.635,-0.4989758645218702,0.005042481563676979,576.6196827685652
5.645,-0.49770205168383214,0.005649514749553619,576.6495313626532
5.655,-0.4989249120083487,0.00534419005633471,576.6793799567412
5.665,-0.49974015222469303,0.004784978709182577,576.7092285508292
5.675,-0.5000968198193436,0.004434847059438608,576.739077144917
5.685,-0.49928157960299935,0.00488075017341276,576.768925739005
5.695,-0.49775300419735374,0.004971250576187458,576.798774333093
5.705,-0.4983644343596119,0.005680298739717705,576.828622927181
5.715,-0.5003515823869513,0.004427449477875742,576.8584715212689
5.725,-0.5006063449545588,0.004345244953162757,576.8883201153569
5.735,-0.49963824719764993,0.004574274766381165,576.9181687094448
5.745,-0.498568244413698,0.005515399942114776,576.9480173035328
5.755,-0.4985172919001765,0.0053657373225491625,576.9778658976207
5.765,-0.49989300976525763,0.004649615144280232,577.0077144917087
5.775,-0.500708249981602,0.004714585211908831,577.0375630857967
5.785,-0.4984663393866549,0.005552362396768014,577.0674116798847
5.795,-0.4987211019542626,0.005574751520796612,577.0972602739726
5.805,-0.49999491479230057,0.004905403290400557,577.1271088680605
5.815,-0.5001987248463867,0.004469011613973062,577.1569574621485
5.825,-0.49958729468412844,0.004911814188309879,577.1868060562365
5.835,-0.49826252933256887,0.005183018995471339,577.2166546503245
5.845,-0.4980587192784828,0.005633012315879783,577.2465032444123
5.855,-0.4992815796029993,0.005342472337880228,577.2763518385003
5.865,-0.5000458673058222,0.004446362710857273,577.3062004325883
5.875,-0.4997911047382146,0.004316179443321008,577.3360490266763
5.885,-0.498568244413698,0.005656241331195856,577.3658976207643
5.895,-0.4980587192784828,0.005346397740568457,577.3957462148522
5.905,-0.4993834846300424,0.004981789597081886,577.4255948089401
5.915,-0.5003006298734297,0.004441937147193827,577.4554434030281
5.925,-0.4998420572517361,0.004601710372719166,577.4852919971161
5.935,-0.4982625293325688,0.005619962129157405,577.515140591204
5.945,-0.4981606243055258,0.005461888212946094,577.544989185292
5.955,-0.4994853896570854,0.005476272984269884,577.57483777938
5.965,-0.49968919971117143,0.004567677182310461,577.6046863734679
5.975,-0.4998420572517361,0.004307360664681233,577.6345349675559
5.985,-0.4989758645218702,0.005394252104070578,577.6643835616438
5.995,-0.49867014944074106,0.005281255516564806,577.6942321557318
6.005,-0.49846633938665497,0.005005945143107097,577.7240807498198
6.015,-0.4987720544677841,0.005624626386022321,577.7539293439077
6.025,-0.49994396227877913,0.004806850511928786,577.7837779379956
6.035,-0.5000968198193437,0.004375316211299609,577.8136265320836
6.045,-0.4989249120083487,0.0048286232448525495,577.8434751261716
6.055,-0.4978039567108752,0.005765301177270242,577.8733237202596
6.065,-0.4980587192784828,0.005443612934793863,577.9031723143476
6.075,-0.49963824719765,0.004631248873695019,577.9330209084354
6.085,-0.5003515823869512,0.004714307089900891,577.9628695025234
6.095,-0.49953634217060694,0.004585726216936768,577.9927180966114
6.105,-0.4983134818460904,0.005765301177270192,578.0225666906994
6.115,-0.4983134818460904,0.0057196347062451495,578.0524152847873
6.125,-0.49974015222469303,0.004674084751460011,578.0822638788752
6.135,-0.5003515823869512,0.004427449477875763,578.1121124729632
6.145,-0.49912872206243475,0.004990992984932822,578.1419610670512
6.155,-0.4978549092243967,0.004997556456621423,578.1718096611392
6.165,-0.49877205446778405,0.006201178627896767,578.2016582552271
6.175,-0.49974015222469303,0.004784978709182532,578.2315068493151
6.185,-0.5004534874139942,0.004571981034374643,578.261355443403
6.195,-0.4982625293325688,0.006281012793284848,578.291204037491
6.205,-0.49882300698130566,0.006118374751405024,578.3210526315789
6.215,-0.4987211019542626,0.005714130204490806,578.3509012256669
6.225,-0.49902681703539176,0.005586029795538604,578.3807498197549
6.235,-0.49928157960299935,0.004546961986290468,578.4105984138429
6.245,-0.4978549092243967,0.005449390696478385,578.4404470079307
6.255,-0.49841538687313347,0.005546455500910065,578.4702956020187
6.265,-0.4994344371435639,0.004707627232362512,578.5001441961067
6.275,-0.5001987248463867,0.004527310603169986,578.5299927901947
6.285,-0.4987720544677841,0.005337561524876396,578.5598413842827
6.295,-0.49795681425143973,0.005471482262519853,578.5896899783705
6.305,-0.4981606243055258,0.0055570833927717,578.6195385724585
6.315,-0.49963824719765,0.004458142736033957,578.6493871665465
6.325,-0.5003515823869512,0.004427449477875743,578.6792357606345
6.335,-0.49948538965708544,0.004921414876740007,578.7090843547224
6.345,-0.4983134818460904,0.005533201171644248,578.7389329488104
6.355,-0.49861919692721957,0.005797958325022141,578.7687815428983
6.365,-0.49953634217060694,0.004290279999947949,578.7986301369863
6.375,-0.5007592024951234,0.004967820580423478,578.8284787310743
6.385,-0.49897586452187015,0.0049373745388134205,578.8583273251622
6.395,-0.49795681425143973,0.005175930756740464,578.8881759192502
6.405,-0.49846633938665497,0.005646032338602374,578.9180245133381
6.415,-0.4998930097652575,0.005132173946357107,578.9478731074261
6.425,-0.5003006298734297,0.0043222508761202065,578.977721701514
6.435,-0.4993834846300424,0.00476658385246647,579.007570295602
6.445,-0.49882300698130566,0.0052909292895612775,579.03741888969
6.455,-0.4981606243055258,0.005604074618165699,579.067267483778
6.465,-0.4984663393866549,0.0057836935122629355,579.0971160778658
6.475,-0.49968919971117143,0.004791824371656205,579.1269646719538
6.485,-0.49999491479230057,0.004457260314080403,579.1568132660418
6.495,-0.4993834846300424,0.004655251726716241,579.1866618601298
6.505,-0.4978549092243968,0.005352280446628906,579.2165104542178
6.515,-0.49831348184609037,0.00576530117727025,579.2463590483057
6.525,-0.4998930097652575,0.004705677154424129,579.2762076423936
6.535,-0.5001477723328652,0.004597149142137057,579.3060562364816
6.545,-0.49928157960299935,0.004880750173412714,579.3359048305696
6.555,-0.49795681425143973,0.005659949126632495,579.3657534246576
6.565,-0.4985172919001765,0.005788905374968922,579.3956020187455
6.575,-0.49994396227877913,0.004287834350611442,579.4254506128334
6.585,-0.5006572974680804,0.00450495481090013,579.4552992069214
6.595,-0.4989758645218702,0.005296130925380401,579.4851478010094
6.605,-0.49826252933256887,0.005666431930669725,579.5149963950973
6.615,-0.498568244413698,0.005793659937550472,579.5448449891853
6.625,-0.5001477723328652,0.004653843221123951,579.5746935832733
6.635,-0.5004534874139943,0.00445578922248154,579.6045421773612
6.645,-0.49902681703539176,0.005146206413553416,579.6343907714491
6.655,-0.4980587192784827,0.005770984077789712,579.6642393655371
6.665,-0.4982115768190472,0.005658790701534598,579.6940879596251
6.675,-0.49816062430552577,0.005650675076282235,579.7239365537131
6.685,-0.4998420572517361,0.004824276559380657,579.753785147801
6.695,-0.5007592024951235,0.0045258622808566915,579.7836337418889
6.705,-0.49994396227877913,0.004914749721758905,579.8134823359769
6.715,-0.4987211019542626,0.005574751520796697,579.8433309300649
6.725,-0.4985172919001765,0.005743426585984488,579.8731795241529
6.735,-0.4999949147923007,0.005165787829578495,579.9030281182409
6.745,-0.5008611075221665,0.004183826348230041,579.9328767123287
6.755,-0.5005553924410374,0.004422708532087803,579.9627253064167
6.765,-0.4991796745759563,0.0054906200693336914,579.9925739005047
6.775,-0.49897586452187004,0.005538175262441471,580.0224224945927
6.785,-0.4994344371435639,0.005431797588586711,580.0522710886806
6.795,-0.5009630125492096,0.004729856737320917,580.0821196827685
6.805,-0.500912060035688,0.004581435277270632,580.1119682768565
6.815,-0.4992815796029993,0.005629286778226231,580.1418168709445
6.825,-0.49887395949482705,0.005857580736981928,580.1716654650324
6.835,-0.5006063449545589,0.005321816471326328,580.2015140591204
6.845,-0.5011668226032957,0.004754189143476519,580.2313626532084
6.855,-0.5004025349004728,0.004700101044923828,580.2612112472963
6.865,-0.4992815796029993,0.005439757684356428,580.2910598413843
6.875,-0.49882300698130566,0.005810608759534852,580.3209084354722
6.885,-0.4993325321165208,0.005719634706245125,580.3507570295602
6.895,-0.5008611075221664,0.004878331765382428,580.3806056236482
6.905,-0.49989300976525763,0.004976522876509038,580.4104542177362
6.915,-0.49861919692721957,0.005375502982321409,580.440302811824
6.925,-0.49974015222469303,0.005732457988557304,580.470151405912
6.935,-0.5010649175762526,0.004458142736033935,580.5
6.945,-0.5011668226032957,0.004102812815947682,580.529848594088
6.955,-0.49968919971117154,0.005109641842565578,580.559697188176
6.965,-0.49912872206243475,0.005632779541966361,580.5895457822638
6.975,-0.4997911047382146,0.005540068979461312,580.6193943763518
6.985,-0.5007592024951235,0.00491474972175888,580.6492429704398
6.995,-0.5010649175762526,0.004516582020355841,580.6790915645278
7.005,-0.5001987248463867,0.00507358908614721,580.7089401586157
7.015,-0.49928157960299935,0.005857580736981904,580.7387887527037
7.025,-0.49943443714356384,0.00571413020449078,580.7686373467916
7.035,-0.5007592024951234,0.005020330448389644,580.7984859408796
7.045,-0.5015234901979463,0.004857051842311121,580.8283345349676
7.055,-0.5000968198193437,0.00567937533911986,580.8581831290555
7.065,-0.49902681703539165,0.0055388854821971836,580.8880317231435
7.075,-0.49968919971117143,0.0057836935122628635,580.9178803172315
7.085,-0.5005553924410373,0.004597149142137058,580.9477289113194
7.095,-0.5011158700897742,0.004314964131613571,580.9775775054073
7.105,-0.5003006298734298,0.004727915828181514,581.0074260994953
7.115,-0.4998420572517361,0.0051908553980666555,581.0372746935833
7.125,-0.5014215851709033,0.004400417261510082,581.0671232876713
7.135,-0.5006572974680804,0.004265760410671614,581.0969718817591
7.145,-0.4995872946841285,0.0050694524453566165,581.1268204758471
7.155,-0.5000968198193436,0.00539522430415126,581.1566690699351
7.165,-0.5019311103061184,0.005830657441079068,581.1865176640231
7.175,-0.503255875657678,0.004742315042911382,581.2163662581111
7.185,-0.5025425404683768,0.004246351585343793,581.246214852199
7.195,-0.5013706326573817,0.005437587904796111,581.2760634462869
7.205,-0.5003515823869513,0.0057196347062450454,581.3059120403749
7.215,-0.5017273002520324,0.005514448929099216,581.3357606344629
7.225,-0.5030011130900705,0.004904066631804519,581.3656092285509
7.235,-0.5026953980089413,0.004363012063706919,581.3954578226388
7.245,-0.5009630125492095,0.005912611991122917,581.4253064167267
7.255,-0.5004025349004727,0.005844134593139971,581.4551550108147
7.265,-0.5016763477385109,0.005586029795538483,581.4850036049027
7.275,-0.5027463505224629,0.004995457083935997,581.5148521989906
7.285,-0.5025425404683768,0.004769883668612676,581.5447007930786
7.295,-0.5004025349004728,0.005127061708863232,581.5745493871666
7.305,-0.5006063449545588,0.006187631525690773,581.6043979812545
7.315,-0.5016253952249893,0.005609687112930324,581.6342465753424
7.325,-0.5026444454954198,0.0045802903477819516,581.6640951694304
7.335,-0.5002496773599082,0.005695743445519079,581.6939437635184
7.345,-0.5007592024951234,0.0059743826163061045,581.7237923576064
7.355,-0.5019311103061184,0.005506834912448609,581.7536409516943
7.365,-0.5024406354413337,0.0047885396750255325,581.7834895457822
7.375,-0.5014215851709033,0.005167818007620913,581.8133381398702
7.385,-0.500912060035688,0.005703335166226147,581.8431867339582
7.395,-0.5002496773599082,0.005164518563034445,581.8730353280462
7.405,-0.5016763477385109,0.005632779541966369,581.9028839221342
7.415,-0.502950160576549,0.004672120673379375,581.932732516222
7.425,-0.5019311103061185,0.005312939373450867,581.96258111031
7.435,-0.500810155008645,0.005502070801415402,581.992429704398
7.445,-0.5004534874139943,0.005877023001841306,582.022278298486
7.455,-0.5017782527655539,0.005536991360407225,582.0521268925739
7.465,-0.5023387304142907,0.004581435277270661,582.0819754866618
7.475,-0.5017273002520324,0.005418504776056124,582.1118240807498
7.485,-0.49999491479230057,0.005833355362457878,582.1416726748378
7.495,-0.5001477723328651,0.005806997161790413,582.1715212689257
7.505,-0.5015234901979463,0.005418504776056186,582.2013698630137
7.515,-0.5023387304142907,0.005018501881420017,582.2312184571017
7.525,-0.5014725376844248,0.005194895367856479,582.2610670511896
7.535,-0.5003515823869513,0.005340263030870886,582.2909156452776
7.545,-0.4998930097652575,0.005283241324311703,582.3207642393655
7.555,-0.4998420572517361,0.0052909292895611335,582.3506128334535
7.565,-0.5004025349004728,0.005425276095922557,582.3804614275415
7.575,-0.5021858728737262,0.004852460416850365,582.4103100216295
7.585,-0.5020330153331615,0.004894699801123925,582.4401586157173
7.595,-0.5006063449545589,0.005171875972916537,582.4700072098053
7.605,-0.49968919971117154,0.005360114011664791,582.4998558038933
7.615,-0.5012687276303387,0.005621595059266841,582.5297043979813
7.625,-0.5024406354413338,0.004950105220552608,582.5595529920693
7.635,-0.5016763477385109,0.004884778192727716,582.5894015861571
7.645,-0.5013196801438603,0.005312939373450922,582.6192501802451
7.655,-0.4999439622787791,0.006018116328035743,582.6490987743331
7.665,-0.5009630125492096,0.005451074723398691,582.6789473684211
7.675,-0.5024406354413337,0.004564231178664674,582.708795962509
7.685,-0.5017273002520324,0.004636059386148922,582.738644556597
7.695,-0.5005044399275159,0.005201201538533799,582.7684931506849
7.705,-0.4997911047382145,0.00514748019551232,582.7983417447729
7.715,-0.5011668226032956,0.005706782609771753,582.8281903388608
7.725,-0.5019311103061185,0.004569973074479753,582.8580389329488
7.735,-0.5010139650627311,0.004421819038860171,582.8878875270368
7.745,-0.5001477723328651,0.0058069971617904685,582.9177361211248
7.755,-0.49968919971117154,0.005738173415995942,582.9475847152127
7.765,-0.5003515823869512,0.005719634706245114,582.9774333093006
7.775,-0.5014725376844248,0.004988890850277114,583.0072819033886
7.785,-0.5009630125492096,0.0049466605627007856,583.0371304974766
7.795,-0.4998930097652575,0.00571252372569798,583.0669790915646
7.805,-0.4996891997111714,0.005918153438281307,583.0968276856524
7.815,-0.5012687276303387,0.005668051473136375,583.1266762797404
7.825,-0.5024406354413337,0.004950105220552577,583.1565248738284
7.835,-0.5008611075221665,0.005037017995638621,583.1863734679164
7.845,-0.49963824719764993,0.005217059280796736,583.2162220620044
7.855,-0.5001477723328651,0.006200121326457166,583.2460706560923
7.865,-0.5009630125492096,0.005204981573581899,583.2759192501802
7.875,-0.5023387304142907,0.0048049407037775915,583.3057678442682
7.885,-0.5010649175762526,0.004906205110760139,583.3356164383562
7.895,-0.49974015222469303,0.005402752923124061,583.3654650324441
7.905,-0.499842057251736,0.0059444599108440365,583.3953136265321
7.915,-0.5014725376844248,0.005092934802201688,583.42516222062
7.925,-0.5018292052790754,0.004799479921579325,583.455010814708
7.935,-0.5008611075221665,0.004601710372719124,583.484859408796
7.945,-0.4994344371435639,0.005939163783953267,583.5147080028839
7.955,-0.4999949147923007,0.005833355362457951,583.5445565969719
7.965,-0.5013196801438602,0.005060132639290871,583.5744051910599
7.975,-0.501778252765554,0.004606267086669129,583.6042537851478
7.985,-0.5016763477385109,0.004990992984932757,583.6341023792357
7.995,-0.49999491479230057,0.006053958807546082,583.6639509733237
8.005,-0.5009630125492095,0.004893360218789247,583.6937995674117
8.015,-0.5018292052790754,0.005167818007620991,583.7236481614997
8.025,-0.5004534874139943,0.0053146666370691474,583.7534967555875
8.035,-0.4995872946841285,0.005609687112930449,583.7833453496755
8.045,-0.49963824719764993,0.006054608524986624,583.8131939437635
8.055,-0.5011668226032957,0.005472201138156862,583.8430425378515
8.065,-0.5017273002520324,0.004857051842311164,583.8728911319395
8.075,-0.5012177751168171,0.005355219376353295,583.9027397260274
8.085,-0.49989300976525763,0.0053815975206638325,583.9325883201153
8.095,-0.4998420572517361,0.005855565783776355,583.9624369142033
8.105,-0.5011668226032956,0.004698705983587407,583.9922855082913
8.115,-0.501880157792597,0.004824276559380628,584.0221341023793
8.125,-0.5007082499816019,0.0051911079882907135,584.0519826964672
8.135,-0.49912872206243475,0.005679144465511004,584.0818312905552
8.145,-0.4997911047382146,0.005587203306569285,584.1116798846431
8.155,-0.5006572974680804,0.004948780635898984,584.1415284787311
8.165,-0.5012177751168171,0.004386091394097475,584.171377072819
8.175,-0.5003006298734297,0.005544800442429207,584.201225666907
8.185,-0.4990777695489132,0.005770984077789658,584.231074260995
8.195,-0.5000968198193437,0.0060374759773103946,584.2609228550829
8.205,-0.500810155008645,0.005689524503048325,584.2907714491708
8.215,-0.499740152224693,0.005823231712208675,584.3206200432588
8.225,-0.4994344371435639,0.005714130204490709,584.3504686373468
8.235,-0.5003515823869512,0.005900180263337925,584.3803172314348
8.245,-0.5014725376844248,0.005294892904155447,584.4101658255228
8.255,-0.5014725376844248,0.004936046537891294,584.4400144196106
8.265,-0.49968919971117154,0.005360114011664791,584.4698630136986
8.275,-0.49948538965708544,0.006066939936326222,584.4997116077866
8.285,-0.5004534874139943,0.005508501377886263,584.5295602018746
8.295,-0.5013706326573817,0.0052411311999783034,584.5594087959626
8.305,-0.5012687276303387,0.004594866828906064,584.5892573900504
8.315,-0.49974015222469303,0.005868092029426811,584.6191059841384
8.325,-0.49907776954891303,0.006080755929023068,584.6489545782264
8.335,-0.5001987248463867,0.005566513373070142,584.6788031723144
8.345,-0.5013196801438602,0.005060132639290871,584.7086517664023
8.355,-0.5006572974680804,0.004787170386251162,584.7385003604903
8.365,-0.4997911047382145,0.005771892822630811,584.7683489545782
8.375,-0.49867014944074106,0.005571222377696294,584.7981975486662
8.385,-0.5001477723328652,0.005851981931687168,584.8280461427541
8.395,-0.5014725376844248,0.005092934802201761,584.8578947368421
8.405,-0.5004534874139943,0.004850298242111435,584.8877433309301
8.415,-0.5000458673058221,0.00568837210091727,584.9175919250181
8.425,-0.49938348463004234,0.005808126027328962,584.947440519106
8.435,-0.49948538965708544,0.0055239516914971235,584.9772891131939
8.445,-0.4992815796029993,0.006205406032183431,585.0071377072819
8.455,-0.49938348463004234,0.006285186501495615,585.0369863013699
8.465,-0.5006063449545589,0.005272310125811147,585.0668348954579
8.475,-0.5001987248463867,0.005073589086147168,585.0966834895457
8.485,-0.49846633938665497,0.005646032338602357,585.1265320836337
8.495,-0.49846633938665497,0.006387000980764536,585.1563806777217
8.505,-0.4997911047382145,0.0053961963290766034,585.1862292718097
8.515,-0.5003006298734298,0.004783060167938388,585.2160778658977
8.525,-0.49912872206243475,0.004830795120929907,585.2459264599856
8.535,-0.4980077667649613,0.0057616611793209005,585.2757750540735
8.545,-0.4983134818460904,0.005900180263337969,585.3056236481615
8.555,-0.4991796745759563,0.005724446803361638,585.3354722422495
8.565,-0.49999491479230057,0.004851649714243969,585.3653208363374
8.575,-0.49867014944074106,0.00557122237769621,585.3951694304254
8.585,-0.4976001466567891,0.006489440646545531,585.4250180245133
8.595,-0.4973453840891815,0.006425479704312564,585.4548666186013
8.605,-0.4991796745759563,0.00539425210407059,585.4847152126893
8.615,-0.4995872946841285,0.005419472625447968,585.5145638067772
8.625,-0.4983644343596119,0.005771892822630811,585.5444124008652
8.635,-0.49709062152157385,0.006267429046235008,585.5742609949532
8.645,-0.4967339539269232,0.005835153283709627,585.6041095890411
8.655,-0.49668300141340155,0.006164490588014572,585.633958183129
8.665,-0.49749824162974604,0.006002408899828641,585.663806777217
8.675,-0.49846633938665497,0.00569228931628504,585.693655371305
8.685,-0.4975491941432676,0.005467646662845877,585.723503965393
8.695,-0.4954091885753636,0.006738632996067166,585.753352559481
8.705,-0.49439013830493317,0.006279342533238534,585.7832011535688
8.715,-0.4948996634401484,0.006349941156082716,585.8130497476568
8.725,-0.4955620461159282,0.0061320748589682485,585.8428983417448
8.735,-0.4954091885753636,0.005683068041290982,585.8727469358328
8.745,-0.4933710880345027,0.006509009986437018,585.9025955299207
8.755,-0.49362585060211034,0.006803504448397574,585.9324441240086
8.765,-0.4946958533860622,0.00661847993053769,585.9622927180966
8.775,-0.4955620461159282,0.0058698793109818485,585.9921413121846
8.785,-0.49571490365649273,0.005870996085655881,586.0219899062726
8.795,-0.4937787081426749,0.0067712432321365215,586.0518385003605
8.805,-0.4937277556291534,0.006691575336430617,586.0816870944485
8.815,-0.4946958533860623,0.006618479930537796,586.1115356885364
8.825,-0.4958168086835358,0.005884380849784587,586.1413842826244
8.835,-0.49586776119705733,0.005640223542296414,586.1712328767123
8.845,-0.4949506159536699,0.006342296471684335,586.2010814708003
8.855,-0.4937787081426748,0.0065347437561282,586.2309300648883
8.865,-0.4942882332778901,0.006409134015905156,586.2607786589762
8.875,-0.49484871092662686,0.006910586585541413,586.2906272530641
8.885,-0.4960206187376219,0.006123730003853838,586.3204758471521
8.895,-0.4946958533860623,0.006038344616402358,586.3503244412401
8.905,-0.49301442043985205,0.007231022323640121,586.3801730353281
8.915,-0.4931672779804166,0.007357748533240322,586.4100216294161
8.925,-0.4944920433319762,0.006477508729440037,586.4398702235039
8.935,-0.49479775841310536,0.006196948339780573,586.4697188175919
8.945,-0.494084423223804,0.006079893349271429,586.4995674116799
8.955,-0.4924539427911153,0.007095755295101909,586.5294160057679
8.965,-0.49306537295337355,0.007016968935762614,586.5592645998559
8.975,-0.4943391857914116,0.006282473906561008,586.5891131939437
8.985,-0.49484871092662686,0.005750727361584255,586.6189617880317
8.995,-0.49500156846719146,0.0057709840777897025,586.6488103821197
9.005,-0.49326918300745964,0.007151709409324909,586.6786589762077
9.015,-0.49347299306154574,0.007058701489382962,586.7085075702956
9.025,-0.49459394835901926,0.00604962557471869,586.7383561643836
9.035,-0.4959187137105787,0.005622761147574063,586.7682047584715
9.045,-0.4953582360618421,0.005877023001841394,586.7980533525595
9.055,-0.4942882332778901,0.00725365298675952,586.8279019466474
9.065,-0.4937787081426749,0.0067712432321365215,586.8577505407354
9.075,-0.4951034734942345,0.006758062806867008,586.8875991348234
9.085,-0.49637728633227257,0.00563091700424764,586.9174477289114
9.095,-0.49591871371057883,0.005622761147574063,586.9472963229993
9.105,-0.4949506159536699,0.005825032758169117,586.9771449170872
9.115,-0.4941863282508471,0.006654044291519665,587.0069935111752
9.125,-0.4955620461159282,0.00582503275816911,587.0368421052632
9.135,-0.49535823606184193,0.005787093085537249,587.0666906993512
9.145,-0.49484871092662686,0.0057049442324639725,587.096539293439
9.155,-0.4935239455750673,0.0067197324022007345,587.126387887527
9.165,-0.49250489530463687,0.006529725598889152,587.156236481615
9.175,-0.49362585060211034,0.006955974320421573,587.186085075703
9.185,-0.49439013830493317,0.0059358513050565215,587.215933669791
9.195,-0.49382966065619643,0.006121802652648227,587.2457822638789
9.205,-0.49118012995307725,0.007327569913884878,587.2756308579668
9.215,-0.4901610796826468,0.0077451274194726095,587.3054794520548
9.225,-0.4911291774395557,0.007623810386919192,587.3353280461428
9.235,-0.49168965508829243,0.007109600684452864,587.3651766402307
9.245,-0.4902629847096899,0.007200494676889388,587.3950252343187
9.255,-0.4878172640606568,0.008423719306296294,587.4248738284066
9.265,-0.48664535624966193,0.008864370704902275,587.4547224224946
9.275,-0.4864415461955759,0.008659656389855296,587.4845710165825
9.285,-0.4852186858710595,0.008243886450025552,587.5144196106705
9.295,-0.48124438981638107,0.008780549201911594,587.5442682047585
9.305,-0.4682514988683934,0.013843070402660869,587.5741167988465
9.315,-0.4581629011911322,0.014383406222209886,587.6039653929344
9.325,-0.4577043285694385,0.013660096860369944,587.6338139870223
9.335,2.512011969518832,0.7509966815393349,587.6636625811103
9.345,3.3493655767314916,1.0248280667275393,587.6935111751983
9.355,3.5292279494624568,1.0463817153118669,587.7233597692863
9.365,4.09581989982176,1.1889152524613085,587.7532083633743
9.375,4.5411448679998445,1.3030758000463611,587.7830569574621
9.385,4.606160275253303,1.3364625642759578,587.8129055515501
9.395,4.678359986913297,1.3750571451088245,587.8427541456381
9.405,4.717032944676131,1.3629031985179887,587.8726027397261
9.415,4.696499081726959,1.3730501733391434,587.902451333814
9.425,4.6239427024723145,1.3163150782460407,587.932299927902
9.435,4.615586490254784,1.319063720173484,587.9621485219899
9.445,4.715911989378657,1.3816091090484324,587.9919971160779
9.455,4.751425891303158,1.3855594927261163,588.0218457101658
9.465,4.696804796808087,1.3540012230689973,588.0516943042538
9.475,4.644527517935009,1.327364763475375,588.0815428983418
9.485,4.643406562637535,1.3326838358911333,588.1113914924297
9.495,4.684932861157574,1.3530461200318875,588.1412400865177
9.505,4.694613838726663,1.3468897269687183,588.1710886806056
9.515,4.714841986594705,1.3508042886350133,588.2009372746936
9.525,4.722281053568849,1.3622950030367704,588.2307858687816
9.535,4.790098849065991,1.4116355874444833,588.2606344628696
9.545,4.8861443370540565,1.4107376238423595,588.2904830569574
9.555,5.863311641369766,1.7506516976350819,588.3203316510454
9.565,7.472290113352325,2.1915664414312106,588.3501802451334
9.575,8.853459897380166,2.3057907812795078,588.3800288392214
9.585,9.435082839228317,2.136811568778699,588.4098774333094
9.595,9.596653259605057,2.083362510703393,588.4397260273972
9.605,9.618613792932832,2.043765675878448,588.4695746214852
9.615,9.621365228662993,2.042647917309873,588.4994232155732
9.625,9.618257125338182,2.0587495683933636,588.5292718096612
9.635,9.605060424336108,2.0830837944000358,588.5591204037491
9.645,9.203452712759487,2.1893413979830547,588.5889689978371
9.655,7.837212015193449,2.309427416272144,588.618817591925
9.665,5.210711848186138,1.4115541392854318,588.648666186013
9.675,4.3928221011387,1.1629701510210995,588.678514780101
9.685,4.343958640671562,1.1626379352439973,588.7083633741889
9.695,4.411215958519969,1.2033696335184945,588.7382119682769
9.705,4.433584111955915,1.200573762189534,588.7680605623648
9.715,4.3583782019981525,1.1577663648111185,588.7979091564528
9.725,4.3062028281521165,1.150195653853888,588.8277577505407
9.735,4.340493869752098,1.154735136467377,588.8576063446287
9.745,4.412031198736313,1.2219609306661239,588.8874549387167
9.755,4.424412659522041,1.2107311803375043,588.9173035328047
9.765,4.3994459278964975,1.202102610807766,588.9471521268925
9.775,4.395777346922947,1.1932012520978967,588.9770007209805
9.785,4.3216923922626584,1.1437455158670427,589.0068493150685
9.795,4.302738057232652,1.1590089852672523,589.0366979091565
9.805,4.400923550788621,1.221525819947714,589.0665465032445
9.815,4.430730771198711,1.1968839552283785,589.0963950973323
9.825,4.39083495311136,1.1934300059868166,589.1262436914203
9.835,4.329691936885536,1.1513477951780653,589.1560922855083
9.845,4.283987532256733,1.1515131086293857,589.1859408795963
9.855,4.126391407934671,1.1186308986948763,589.2157894736843
9.865,3.004977537839538,0.7855846554881841,589.2456380677722
9.875,1.4982098079811492,0.5833240703710408,589.2754866618601
9.885,0.10363951289714698,0.1524595155506052,589.3053352559481
9.895,-0.34387641336236313,0.04130472212159529,589.3351838500361
9.905,-0.4537809850282815,0.01405960765305979,589.365032444124
9.915,-0.4633091050568059,0.012574544633213645,589.394881038212
9.925,-0.46881197651713036,0.011180037455830509,589.4247296323
9.935,-0.47467151557210513,0.010376531278502273,589.4545782263879
9.945,-0.47961390938369264,0.008626281043962831,589.4844268204758
9.955,-0.4821615350597684,0.007945846718683723,589.5142754145638
9.965,-0.4820596300327253,0.00880202632132225,589.5441240086518
9.975,-0.4825691551679407,0.008618373440596381,589.5739726027398
9.985,-0.48384296800597837,0.009288366945289736,589.6038211968277
9.995,-0.48430154062767217,0.008780549201911679,589.6336697909156
10.005,-0.4872058338983986,0.00752810117599437,589.6635183850036
10.015,-0.48949869700686705,0.00642792797253033,589.6933669790916
10.025,-0.4893458394663024,0.006601619050046556,589.7232155731796
10.035,-0.4891420294122164,0.007573943245438188,589.7530641672676
10.045,-0.48919298192573785,0.007180983823183729,589.7829127613554
10.055,-0.4919953701694216,0.006904512344661609,589.8127613554434
10.065,-0.4931163254668951,0.0056122576305819355,589.8426099495314
10.075,-0.49301442043985205,0.006342296471684314,589.8724585436194
10.085,-0.4919953701694216,0.006828128421030604,589.9023071377073
10.095,-0.4919444176559001,0.006889493631853079,589.9321557317953
10.105,-0.4947468058995838,0.005627190079372159,589.9620043258832
10.115,-0.49530728354832054,0.006020948024168235,589.9918529199712
10.125,-0.4949506159536699,0.005452998688771693,590.0217015140591
10.135,-0.4938296606561963,0.006772598584440484,590.0515501081471
10.145,-0.49362585060211034,0.006568166702274513,590.0813987022351
10.155,-0.4955620461159282,0.0063835100866598765,590.111247296323
10.165,-0.4959696662241004,0.005743426585984524,590.141095890411
10.175,-0.4948487109266268,0.005974382616306179,590.1709444844989
10.185,-0.49423728076436857,0.006691575336430622,590.2007930785869
10.195,-0.4941353757373255,0.006963510181274495,590.2306416726749
10.205,-0.4943391857914116,0.007030969472971977,590.2604902667629
10.215,-0.49464490087254076,0.00629914827443524,590.2903388608507
10.225,-0.4941353757373255,0.006332365290846713,590.3201874549387
10.235,-0.4938806131697179,0.006964451590542293,590.3500360490267
10.245,-0.49505252098071295,0.006609558939920829,590.3798846431147
10.255,-0.4957658561700143,0.0061610864375027646,590.4097332372027
10.265,-0.49586776119705733,0.005304788984005574,590.4395818312905
10.275,-0.4951034734942345,0.006148517343662192,590.4694304253785
10.285,-0.49408442322380397,0.006496912193958899,590.4992790194665
10.295,-0.49464490087254076,0.00689539095045125,590.5291276135545
10.305,-0.496326333818751,0.005968454014201308,590.5589762076424
10.315,-0.4964791913593156,0.0053949812705556465,590.5888248017304
10.325,-0.49444109081845466,0.006680593316872174,590.6186733958183
10.335,-0.49444109081845466,0.006719732402200703,590.6485219899063
10.345,-0.4955620461159282,0.006424459317190721,590.6783705839943
10.355,-0.49668300141340166,0.00624899169412308,590.7082191780822
10.365,-0.4943391857914116,0.006487824045500003,590.7380677721702
10.375,-0.4947468058995837,0.006730650561043513,590.7679163662581
10.385,-0.4958168086835358,0.006103140211731963,590.7977649603461
10.395,-0.49663204889988016,0.006014847329807305,590.827613554434
10.405,-0.4957658561700143,0.005810608759534869,590.857462148522
10.415,-0.49703966900805235,0.0051464611951667115,590.88731074261
10.425,-0.49571490365649273,0.006003501021323753,590.917159336698
10.435,-0.49530728354832054,0.006107435475978025,590.9470079307858
10.445,-0.49459394835901926,0.00626261543231255,590.9768565248738
10.455,-0.4955110936024066,0.006597844255150365,591.0067051189618
10.465,-0.4965810963863586,0.005816021951075618,591.0365537130498
10.475,-0.49744728911622454,0.005241381367334976,591.0664023071378
10.485,-0.4955620461159282,0.006259055164418996,591.0962509012256
10.495,-0.49500156846719146,0.006292692200250887,591.1260994953136
10.505,-0.49586776119705733,0.006087436777870617,591.1559480894016
10.515,-0.4970906215215738,0.0058788075681929204,591.1857966834896
10.525,-0.4977530041973537,0.005473399054402999,591.2156452775776
10.535,-0.4962753813052295,0.006118374751405056,591.2454938716655
10.545,-0.4951034734942345,0.005975479860087893,591.2753424657534
10.555,-0.49551109360240664,0.0066374713036645204,591.3051910598414
10.565,-0.4967849064404447,0.006032044148970693,591.3350396539294
10.575,-0.49765109917031064,0.005636735391181055,591.3648882480173
10.585,-0.49642823884579407,0.006058288940999783,591.3947368421053
10.595,-0.49586776119705733,0.006381866652227893,591.4245854361933
10.605,-0.4965301438728371,0.006015719236361181,591.4544340302812
10.615,-0.49836443435961186,0.005492530182478683,591.4842826243691
10.625,-0.4985172919001765,0.005267084965243758,591.5141312184571
10.635,-0.4976001466567891,0.005385250932992455,591.5439798125451
10.645,-0.4971925265486169,0.00608743677787053,591.5738284066331
10.655,-0.49709062152157385,0.006183179915390622,591.603677000721
10.665,-0.4967849064404447,0.00585556578377644,591.6335255948089
10.675,-0.49795681425143973,0.0059314317889162214,591.6633741888969
10.685,-0.498670149440741,0.005078755149074127,591.6932227829849
10.695,-0.49902681703539176,0.004830795120929887,591.7230713770729
10.705,-0.4980587192784828,0.005633012315879811,591.7529199711608
10.715,-0.49663204889988016,0.006058288940999754,591.7827685652487
10.725,-0.4978549092243966,0.006421397182962349,591.8126171593367
10.735,-0.4993834846300424,0.005530593910136478,591.8424657534247
10.745,-0.49928157960299935,0.00493418673613172,591.8723143475127
10.755,-0.4983134818460904,0.005765301177270234,591.9021629416006
10.765,-0.4973453840891815,0.006343330075522813,591.9320115356886
10.775,-0.4978039567108752,0.0062456336006749425,591.9618601297765
10.785,-0.4990777695489132,0.0054915752089545545,591.9917087238645
10.795,-0.49994396227877913,0.004751982255046872,592.0215573179524
10.805,-0.4993834846300424,0.00508597882153395,592.0514059120404
10.815,-0.49841538687313347,0.00634064235508269,592.0812545061284
10.825,-0.49846633938665497,0.005962299607600281,592.1111031002163
10.835,-0.49974015222469303,0.00559353601180189,592.1409516943042
10.845,-0.4999949147923007,0.004742315042911467,592.1708002883922
10.855,-0.4999949147923007,0.00511477149132504,592.2006488824802
10.865,-0.49861919692721957,0.005843012684432856,592.2304974765682
10.875,-0.4982625293325688,0.006363966899105289,592.2603460706562
10.885,-0.4994853896570854,0.006023560715991857,592.290194664744
10.895,-0.5005044399275158,0.00478086660663617,592.320043258832
10.905,-0.4998420572517361,0.0046017103727191665,592.34989185292
10.915,-0.4992306270894778,0.005536991360407289,592.379740447008
10.925,-0.4983134818460904,0.005855565783776382,592.409589041096
10.935,-0.4992815796029993,0.005902179985565592,592.4394376351838
10.945,-0.5005553924410373,0.005336333115496612,592.4692862292718
10.955,-0.5004534874139943,0.004628983373315501,592.4991348233598
10.965,-0.499740152224693,0.005823231712208659,592.5289834174478
10.975,-0.49861919692721945,0.006019859067905243,592.5588320115357
10.985,-0.49902681703539165,0.006166191958525936,592.5886806056237
10.995,-0.5006063449545589,0.005222334494359823,592.6185291997116
11.005,-0.5011158700897741,0.005095251352151977,592.6483777937996
11.015,-0.49963824719764993,0.00526708496524376,592.6782263878875
11.025,-0.49897586452187015,0.005904845228413356,592.7080749819755
11.035,-0.4987720544677841,0.0058531021211906745,592.7379235760635
11.045,-0.5003006298734297,0.00568491349288733,592.7677721701514
11.055,-0.5008611075221665,0.005088813887355105,592.7976207642394
11.065,-0.4997911047382146,0.005298111157614629,592.8274693583273
11.075,-0.4987211019542626,0.005479863277046791,592.8573179524153
11.085,-0.49902681703539176,0.006037258798009389,592.8871665465033
11.095,-0.499740152224693,0.005956799228555705,592.9170151405913
11.105,-0.49933253211652084,0.0062456336006749495,592.9468637346791
11.115,-0.4993325321165208,0.005855565783776346,592.9767123287671
11.125,-0.5000968198193437,0.005043521572260504,593.0065609228551
11.135,-0.5002496773599082,0.005314666637069165,593.0364095169431
11.145,-0.4993834846300424,0.005482972962462046,593.0662581110311
11.155,-0.49882300698130566,0.006329051434249767,593.0961067051189
11.165,-0.499740152224693,0.006044204665034218,593.1259552992069
11.175,-0.5011668226032956,0.004642559792662966,593.1558038932949
11.185,-0.501013965062731,0.0047090196507525795,593.1856524873829
11.195,-0.49974015222469303,0.005778023111958235,593.2155010814708
11.205,-0.49861919692721957,0.005752551107721055,593.2453496755588
11.215,-0.4999439622787791,0.006061534511121809,593.2751982696467
11.225,-0.4997911047382145,0.006081618386431749,593.3050468637347
11.235,-0.5006572974680804,0.00520699647023088,593.3348954578227
11.245,-0.5010649175762526,0.00479811375494047,593.3647440519106
11.255,-0.4992815796029993,0.005990382422309172,593.3945926459986
11.265,-0.49897586452187015,0.006079893349271395,593.4244412400866
11.275,-0.4997911047382145,0.006124586409704303,593.4542898341745
11.285,-0.501013965062731,0.005032069655884336,593.4841384282624
11.295,-0.501013965062731,0.00487322229601967,593.5139870223504
11.305,-0.49963824719764993,0.005834029647858577,593.5438356164384
11.315,-0.498568244413698,0.005609687112930446,593.5736842105264
11.325,-0.4990777695489132,0.005905733375403176,593.6035328046144
11.335,-0.49963824719765,0.0059232469909325965,593.6333813987022
11.345,-0.5012687276303387,0.0050307666522487245,593.6632299927902
11.355,-0.5006063449545589,0.004405182197677651,593.6930785868782
11.365,-0.4992815796029993,0.006247522750339385,593.7229271809662
11.375,-0.4990777695489132,0.005861161165639601,593.7527757750541
11.385,-0.5006572974680804,0.005355953856807009,593.782624369142
11.395,-0.5015744427114679,0.005247131924622914,593.81247296323
11.405,-0.500912060035688,0.005273304807477455,593.842321557318
11.415,-0.4994344371435639,0.005983154932338946,593.872170151406
11.425,-0.49948538965708544,0.0058915069569670225,593.9020187454939
11.435,-0.500810155008645,0.005502070801415421,593.9318673395819
11.445,-0.5015744427114679,0.004493297514064948,593.9617159336698
11.455,-0.5012177751168171,0.0045040815601934585,593.9915645277578
11.465,-0.4997911047382146,0.005540068979461295,594.0214131218457
11.475,-0.4993325321165208,0.005485602857857571,594.0512617159337
11.485,-0.5000968198193437,0.005633012315879762,594.0811103100217
11.495,-0.5011668226032957,0.004469891716048827,594.1109589041096
11.505,-0.5005553924410374,0.004874029410436418,594.1408074981975
11.515,-0.4992815796029993,0.006077304875436958,594.1706560922855
11.525,-0.4987211019542625,0.0058051905203337535,594.2005046863735
11.535,-0.5002496773599082,0.0052650930638903325,594.2303532804615
11.545,-0.5009630125492095,0.004946660562700743,594.2602018745495
11.555,-0.5013706326573817,0.005389145176244138,594.2900504686373
11.565,-0.5009630125492096,0.0046740847514599474,594.3198990627253
11.575,-0.5004534874139943,0.005741599941560131,594.3497476568133
11.585,-0.49938348463004234,0.005717112467481918,594.3795962509013
11.595,-0.5000458673058221,0.006174691779169135,594.4094448449893
11.605,-0.5010649175762526,0.0053166399655088774,594.4392934390771
11.615,-0.5013196801438603,0.004848405548241464,594.4691420331651
11.625,-0.5007592024951234,0.005275045049075542,594.4989906272531
11.635,-0.49953634217060694,0.005277033193892808,594.5288392213411
11.645,-0.5002496773599082,0.005695743445519098,594.558687815429
11.655,-0.5017782527655539,0.004774005231352373,594.588536409517
11.665,-0.5013196801438603,0.004683332882143781,594.6183850036049
11.675,-0.5001477723328651,0.005237126897073154,594.6482335976929
11.685,-0.49917967457595624,0.006207941092968222,594.6780821917808
11.695,-0.4997911047382145,0.0062517188168681485,594.7079307858688
11.705,-0.5009630125492095,0.005154353178583809,594.7377793799568
11.715,-0.5014725376844248,0.004988890850277076,594.7676279740447
11.725,-0.49999491479230057,0.005266338090525483,594.7974765681327
11.735,-0.49912872206243475,0.0058160219510755935,594.8273251622206
11.745,-0.4993834846300424,0.005942033105308813,594.8571737563086
11.755,-0.5012177751168172,0.005256369620314975,594.8870223503966
11.765,-0.500912060035688,0.004694518312172042,594.9168709444846
11.775,-0.5000968198193437,0.00499125568951421,594.9467195385724
11.785,-0.49963824719764993,0.005743426585984494,594.9765681326604
11.795,-0.5001987248463866,0.006275164938116139,595.0064167267484
11.805,-0.5011668226032956,0.005326495641713789,595.0362653208364
11.815,-0.5015744427114679,0.0049381711679425426,595.0661139149244
11.825,-0.5001477723328651,0.005237126897073194,595.0959625090123
11.835,-0.49923062708947774,0.005677297138645605,595.1258111031002
11.845,-0.5000968198193436,0.005586264517466373,595.1556596971882
11.855,-0.5010139650627311,0.005236375749377679,595.1855082912762
11.865,-0.5016253952249894,0.00485813154707995,595.2153568853641
11.875,-0.500810155008645,0.005106561579947039,595.2452054794521
11.885,-0.4994853896570854,0.005801801551284857,595.27505407354
11.895,-0.4994853896570854,0.006023560715991813,595.304902667628
11.905,-0.5006572974680804,0.005595410992500332,595.334751261716
11.915,-0.501880157792597,0.004878331765382393,595.3645998558039
11.925,-0.5005553924410373,0.005623460684493431,595.3944484498919
11.935,-0.49923062708947774,0.005584151664933083,595.4242970439799
11.945,-0.4999949147923007,0.00569689435653038,595.4541456380678
11.955,-0.5010649175762526,0.005115540494986572,595.4839942321557
11.965,-0.5017273002520324,0.004963859947903174,595.5138428262437
11.975,-0.5006063449545589,0.005467646662845806,595.5436914203317
11.985,-0.4994344371435639,0.005621595059266922,595.5735400144197
11.995,-0.500912060035688,0.005516350791176452,595.6033886085077
12.005,-0.5014215851709033,0.0049075411869024055,595.6332372025955
12.015,-0.5000458673058222,0.0052571179112463895,595.6630857966835
12.025,-0.49912872206243475,0.005586029795538588,595.6929343907715
12.035,-0.5004025349004728,0.005568397452790058,595.7227829848595
12.045,-0.5018292052790755,0.004459613051279881,595.7526315789474
12.055,-0.5014725376844248,0.004718755074935557,595.7824801730353
12.065,-0.5004534874139943,0.005363782056993569,595.8123287671233
12.075,-0.49943443714356384,0.005668051473136423,595.8421773612113
12.085,-0.5006063449545589,0.00570241549595239,595.8720259552993
12.095,-0.501778252765554,0.005041181251227542,595.9018745493872
12.105,-0.5014725376844248,0.004372618266751954,595.9317231434752
12.115,-0.5005044399275158,0.0055900187279152025,595.9615717375631
12.125,-0.49963824719765,0.005462608351153834,595.991420331651
12.135,-0.5005553924410374,0.005896623527116352,596.021268925739
12.145,-0.5013196801438602,0.004902194697476642,596.051117519827
12.155,-0.5012687276303387,0.005184789541015791,596.080966113915
12.165,-0.5000458673058221,0.005688372100917217,596.1108147080029
12.175,-0.4994853896570854,0.005935851305056425,596.1406633020908
12.185,-0.5008611075221665,0.005855565783776356,596.1705118961788
12.195,-0.5017782527655539,0.004548980103493646,596.2003604902668
12.205,-0.5010649175762526,0.004398927160467912,596.2302090843548
12.215,-0.49989300976525763,0.005381597520663816,596.2600576784428
12.225,-0.5000968198193436,0.005539122201879323,596.2899062725306
12.235,-0.501778252765554,0.004936046537891357,596.3197548666186
12.245,-0.5004025349004728,0.005023724592669508,596.3496034607066
12.255,-0.4994344371435639,0.005334367072097387,596.3794520547946
12.265,-0.5000458673058221,0.005914385819105914,596.4093006488825
12.275,-0.5016763477385109,0.00509499400972642,596.4391492429704
12.285,-0.50198206281964,0.004479268711729835,596.4689978370584
12.295,-0.5004025349004728,0.005228356792529673,596.4988464311464
12.305,-0.49963824719764993,0.0056513711579663445,596.5286950252344
12.315,-0.499740152224693,0.005823231712208638,596.5585436193223
12.325,-0.5007082499816019,0.005389388473017604,596.5883922134103
12.335,-0.5022877779007691,0.004617639198993389,596.6182408074982
12.345,-0.500708249981602,0.005037278299920245,596.6480894015862
12.355,-0.499740152224693,0.0054989719158970544,596.6779379956741
12.365,-0.4997911047382145,0.005771892822630796,596.7077865897621
12.375,-0.5012687276303387,0.005334367072097288,596.7376351838501
12.385,-0.5023896829278122,0.004824276559380587,596.767483777938
12.395,-0.5001477723328652,0.005715965627393452,596.797332372026
12.405,-0.49968919971117143,0.005828858133077308,596.8271809661139
12.415,-0.499740152224693,0.006000661092002357,596.8570295602019
12.425,-0.5011158700897741,0.005395224304151229,596.8868781542899
12.435,-0.5020839678466831,0.0045857262169367585,596.9167267483779
12.445,-0.5018292052790755,0.004575707764996018,596.9465753424657
12.455,-0.5003515823869513,0.005533201171644249,596.9764239365537
12.465,-0.49928157960299935,0.005391334451948365,597.0062725306417
12.475,-0.5008611075221665,0.005855565783776356,597.0361211247297
12.485,-0.5016253952249893,0.005120920287163348,597.0659697188177
12.495,-0.5021349203602044,0.0045515735107882985,597.0958183129056
12.505,-0.5009630125492095,0.004784978709182474,597.1256669069935
12.515,-0.4998420572517361,0.005485602857857586,597.1555155010815
12.525,-0.49989300976525763,0.005803609247714881,597.1853640951695
12.535,-0.5014215851709032,0.005268329521147131,597.2152126892574
12.545,-0.5023387304142904,0.005018501881420001,597.2450612833454
12.555,-0.5007082499816019,0.005191107988290773,597.2749098774333
12.565,-0.4997911047382145,0.005444576320861862,597.3047584715213
12.575,-0.4997911047382146,0.0057718928226307585,597.3346070656092
12.585,-0.5020330153331615,0.005000703863119867,597.3644556596972
12.595,-0.5021858728737262,0.004398927160467915,597.3943042537852
12.605,-0.5010139650627311,0.00481910977823431,597.4241528478732
12.615,-0.5000968198193437,0.005443612934793818,597.454001441961
12.625,-0.49953634217060694,0.005326495641713852,597.483850036049
12.635,-0.5012177751168171,0.005052872016820929,597.513698630137
12.645,-0.5017782527655539,0.0044909624236049,597.543547224225
12.655,-0.5013196801438602,0.004394453825701335,597.573395818313
12.665,-0.5012687276303387,0.004925409640413561,597.603244412401
12.675,-0.5003515823869512,0.005855565783776365,597.6330930064888
12.685,-0.4999949147923005,0.006139981288812135,597.6629416005768
12.695,-0.5014725376844248,0.005630917004247474,597.6927901946648
12.705,-0.502185872873726,0.00526708496524364,597.7226387887528
12.715,-0.5016253952249893,0.004964916425503243,597.7524873828407
12.725,-0.5006063449545589,0.005171875972916553,597.7823359769286
12.735,-0.49984205725173597,0.005627190079372055,597.8121845710166
12.745,-0.500810155008645,0.005308001237451848,597.8420331651046
12.755,-0.50198206281964,0.004871876808184823,597.8718817591925
12.765,-0.5014725376844248,0.0046628503048543575,597.9017303532805
12.775,-0.5004025349004728,0.005661802113791806,597.9315789473685
12.785,-0.4997911047382146,0.005726278919524213,597.9614275414564
12.795,-0.500810155008645,0.005208255384799327,597.9912761355444
12.805,-0.5021858728737261,0.004852460416850313,598.0211247296323
12.815,-0.5013706326573818,0.004486288596478372,598.0509733237203
12.825,-0.5001987248463867,0.005931431788916169,598.0808219178083
12.835,-0.499842057251736,0.005389145176244216,598.1106705118962
12.845,-0.5015744427114679,0.005491336439624241,598.1405191059841
12.855,-0.5026444454954198,0.004964916425503217,598.1703677000721
12.865,-0.5016763477385109,0.005196914175031794,598.2002162941601
12.875,-0.5000968198193436,0.005297121134031721,598.2300648882481
12.885,-0.49968919971117143,0.0055523623967680385,598.2599134823361
12.895,-0.5000458673058221,0.005914385819105935,598.2897620764239
12.905,-0.5011158700897741,0.004721255224975607,598.3196106705119
12.915,-0.5021349203602046,0.004831066536786465,598.3494592645999
12.925,-0.5015744427114678,0.0044932975140648665,598.3793078586879
12.935,-0.4998420572517361,0.005290929289561273,598.4091564527758
12.945,-0.4997911047382144,0.005950853108835339,598.4390050468637
12.955,-0.5010139650627311,0.00557592740545627,598.4688536409517
12.965,-0.5021349203602046,0.004191653906707048,598.4987022350397
12.975,-0.5014725376844248,0.004432185352451089,598.5285508291277
12.985,-0.5002496773599081,0.0053146666370691,598.5583994232156
12.995,-0.499740152224693,0.00520498157358189,598.5882480173036
13.005,-0.5010649175762526,0.005604776487367196,598.6180966113916
13.015,-0.5019311103061185,0.005060132639290832,598.6479452054795
13.025,-0.5013196801438602,0.0053129393734507955,598.6777937995674
13.035,-0.5006063449545589,0.0054194726254479806,598.7076423936554
13.045,-0.5002496773599082,0.006009395047708261,598.7374909877434
13.055,-0.5013196801438603,0.005312939373450939,598.7673395818313
13.065,-0.5023387304142907,0.004804940703777501,598.7971881759192
13.075,-0.5015744427114678,0.004720977495911191,598.8270367700072
13.085,-0.5005044399275158,0.0062542351054854515,598.8568853640952
13.095,-0.5002496773599082,0.005965597400736212,598.8867339581832
13.105,-0.5010139650627311,0.005806319737119765,598.9165825522712
13.115,-0.501880157792597,0.004544365947262753,598.9464311463591
13.125,-0.5007082499816019,0.005900402488164738,598.976279740447
13.135,-0.4997911047382145,0.005726278919524175,599.006128334535
13.145,-0.5011158700897741,0.005491575208954553,599.035976928623
13.155,-0.5019820628196401,0.0050826262503875135,599.065825522711
13.165,-0.5016763477385109,0.004776201943872365,599.0956741167989
13.175,-0.5004534874139943,0.00531466663706922,599.1255227108868
13.185,-0.49994396227877913,0.0057961488661889176,599.1553713049748
13.195,-0.5011668226032956,0.005424067551634566,599.1852198990628
13.205,-0.5020330153331615,0.005052872016820876,599.2150684931507
13.215,-0.5016763477385109,0.004884778192727847,599.2449170872387
13.225,-0.5001477723328651,0.005433728379579277,599.2747656813267
13.235,-0.49999491479230057,0.005650675076282281,599.3046142754146
13.245,-0.501013965062731,0.005669208005922633,599.3344628695025
13.255,-0.5025425404683768,0.005037278299920175,599.3643114635905
13.265,-0.5017782527655539,0.005041181251227541,599.3941600576785
13.275,-0.5009120600356881,0.0053228019016599995,599.4240086517665
13.285,-0.4997911047382145,0.00586205593110778,599.4538572458544
13.295,-0.500810155008645,0.005454200822488939,599.4837058399423
13.305,-0.5023896829278122,0.004878331765382371,599.5135544340303
13.315,-0.5021858728737261,0.004798113754940521,599.5434030281183
13.325,-0.5017273002520324,0.004579145132025172,599.5732516222063
13.335,-0.5007082499816019,0.00562742308448921,599.6031002162943
13.345,-0.49999491479230057,0.005604074618165614,599.6329488103821
13.355,-0.5004534874139943,0.005555903519853901,599.6627974044701
13.365,-0.5020330153331615,0.0050007038631198495,599.6926459985581
13.375,-0.5020839678466831,0.005022419424012435,599.7224945926461
13.385,-0.49963824719764993,0.006054608524986643,599.752343186734
13.395,-0.5001477723328651,0.006408111025999564,599.7821917808219
13.405,-0.5009630125492096,0.005451074723398621,599.8120403749099
13.415,-0.5021858728737261,0.004959367407300835,599.8418889689979
13.425,-0.5013706326573818,0.004824276559380635,599.8717375630858
13.435,-0.5002496773599083,0.0052150482720371314,599.9015861571738
13.445,-0.49938348463004234,0.00607298830065021,599.9314347512618
13.455,-0.5009630125492095,0.005686527771744634,599.9612833453497
13.465,-0.5026953980089414,0.004422708532087768,599.9911319394377
13.475,-0.5020330153331615,0.004675487159229918,600.0209805335256
13.485,-0.500810155008645,0.005549527871408433,600.0508291276136
13.495,-0.49974015222469303,0.005204981573581932,600.0806777217016
13.505,-0.5012177751168171,0.0054522772813173515,600.1105263157896
13.515,-0.5020839678466831,0.004528179374202296,600.1403749098774
13.525,-0.5023387304142906,0.0048592110119409,600.1702235039654
13.535,-0.500810155008645,0.005502070801415404,600.2000720980534
13.545,-0.499842057251736,0.005765301177270167,600.2299206921414
13.555,-0.49963824719765,0.0059673554785467575,600.2597692862294
13.565,-0.5014215851709032,0.005835153283709494,600.2896178803172
13.575,-0.5020330153331615,0.004675487159229898,600.3194664744052
13.585,-0.501880157792597,0.005037017995638667,600.3493150684932
13.595,-0.500912060035688,0.005610621982883205,600.3791636625812
13.605,-0.4998420572517361,0.005719634706245066,600.4090122566691
13.615,-0.5005553924410373,0.005984907852593974,600.4388608507571
13.625,-0.5020330153331615,0.005052872016820911,600.468709444845
13.635,-0.5016253952249893,0.004522674339175361,600.498558038933
13.645,-0.5005553924410373,0.005623460684493519,600.528406633021
13.655,-0.499842057251736,0.00543758790479615,600.5582552271089
13.665,-0.5012687276303387,0.005939163783953253,600.5881038211969
13.675,-0.5020330153331615,0.005052872016820894,600.6179524152849
13.685,-0.50198206281964,0.004300048687704897,600.6478010093728
13.695,-0.5006572974680804,0.005779838245313798,600.6776496034607
13.705,-0.5003006298734297,0.005591894887970695,600.7074981975487
13.715,-0.5009630125492096,0.005204981573581899,600.7373467916367
13.725,-0.5023387304142907,0.005223338692906575,600.7671953857247
13.735,-0.5027973030359842,0.004957251861760456,600.7970439798125
13.745,-0.5014215851709032,0.005511594905482301,600.8268925739005
13.755,-0.5004025349004728,0.0056152939980011075,600.8567411679885
13.765,-0.5007592024951234,0.005841217182297873,600.8865897620765
13.775,-0.5014215851709032,0.00622650000161665,600.9164383561645
13.785,-0.5022368253872477,0.004764382705338004,600.9462869502524
13.795,-0.5023896829278123,0.004824276559380622,600.9761355443403
13.805,-0.500810155008645,0.005735430721623022,601.0059841384283
13.815,-0.5003515823869512,0.005627190079372052,601.0358327325163
13.825,-0.5015744427114679,0.005247131924622913,601.0656813266042
13.835,-0.5023896829278123,0.004931794531901027,601.0955299206922
13.845,-0.5028482555495059,0.0041678125445786165,601.1253785147801
13.855,-0.501013965062731,0.005384520448834672,601.1552271088681
13.865,-0.5006572974680803,0.005734287545130799,601.185075702956
